indicator	ISO Country code	population	surface area (Km2)	GINI index	happy planet index	happy planet index	human development index	human development index	sustainable economic development assessment (SEDA)	GDP growth (annual %)		GDP ($ USD billions PPP)				GDP per capita in $ (PPP)				Economic Growth		health expenditure % of GDP									health expenditure per person			infant mortality	maternal mortality per 100,000 live births		education expenditure % of GDP	education expenditure % of GDP	education expenditure % of GDP	Education as % of GDP		% of primary school aged kids out of school		unemployment (%)		% of population in extreme poverty	% of population with access to electricity	political rights score		civil liberties score		political stability & absence of violence		government effectiveness		regulatory quality		rule of law		control of corruption		judicial effectiveness score		government integrity score		overall economic freedom score		financial freedom score		government expenditure (% of GDP)	CO2e emissions per capita	share of electricity from renewables generation		% of seats held by women in national parliaments			Military Spending as % of GDP	
Afghanistan	AFG	36,000,000	652,230	-	20.2	29.4	0.498	0.478	-	1.5	-2.35	75.6	78.6	76.7		2082	2152	2078		1.19	-2.35	3.7	3.26	3.51	3.37	3.2	3.21			3.21	184	70	65.8	60.8	638		3.8	3.2		3.2	3.21			8.5	13.28	0	97.7	12	1	14	9	-2.78	-2.53	-1.3	-1.6	-1.3	-1.3	-1.57	-1.871	-1.52	-1.14	28.2	-	26.2	-	51.3	-	10	-	26.3	0.16	86.10%	82.80%	27.7		27	...	1.20%
Albania	ALB	2,900,000	27,398	29	36.8	51	0.785	0.796	53.1	2.6	8.54	38.2	39	37.6	40.8	13498	13999	13632	15646	4.02	8.54	3.05	3.44	3.96	3.61		3.92	3.1		3.92	774	274.9		2.4	15		-		3.1		3.1	2.56	3.84	16.3	11.82	0	100	28	28	40	39	0.4	0.11	0.1	0	0.2	0.2	-0.4	-0.256	-0.42	-0.56	25.4	49.8	39.9	35.6	64.5	66.6	70	70	30.1	1.69	100.00%	100.00%	27.9	28	36	1.42%	1.30%
Algeria	DZA	41,000,000	2,381,740	35.3	33.3	46.5	0.754	0.745	45.8	3.7	3.85	491.1	496.1	470.8	488.9	11909	12008	11323	12037	1.1	3.85			7.34	6.51	5.87	6.1			6	1,031	256	248.2	11.6	112		-	5.87	6.1	5.87	6.1	0.35	0.18	11.2	12.7		99.8	10	10	25	22	-0.96	-0.88	-0.6	-0.6	-1.2	-1.2	-0.86	-0.816	-0.61	-0.61	35.2	29.7	29	30.1	44.7	45.8	30	30	42.5	3.98	0.30%	1.10%	25.8	26	8	5.59%	6.00%
Angola	AGO	30,000,000	1,246,700	42.7	-	-	0.581	0.586	28.4	3	0.7	215.1	213.6	201.9	203.3	7149	6995	6478	6581	-1.32	0.7	3.12	3.49	2.75	2.47	2.04	1.93	2.42		2.42	196	87.3	71.3	8.8	241		-	2.04	2.42	2.04	2.42			6.6	8.53	11.9	46.9	10	10	16	20	-0.29	-0.71	-1	-1.1	-1	-0.7	-1.1	-0.952	-1.41	-0.66	25.4	25.3	18.9	20.6	48.6	52.6	40	40	32.1	0.79	54.50%	68.20%	38.2	30	30	1.13%	1.60%
Argentina	ARG	44,000,000	2,736,690	41.7	35.2	50	0.825	0.842	57.3	1.2	10.26	1,012.10	991.6	893.5	985.2	23291	22997	20769	23627	-2.62	10.26	5.36	5.78	5.55	5.45	4.88	4.72			5	1,390	1127.9	946	9.7	39		5.4	4.88	4.72	4.88	4.72	0.4	0.42	6.6	10.9	0.3	100	33	35	50	49	0.18	-0.11	0.2	-0.4	-0.3	-0.6	-0.25	-0.462	-0.26	-0.4	44.5	57.9	32.6	45.1	52.3	50.1	60	60	38.5	3.74	30.70%	27.10%	38.9	39	45	0.57%	0.70%
Armenia	ARM	3,000,000	28,203	31.5	25.7	54.7	0.755	0.759	51.7	3	5.7	37.5	40.4	37.4	39.5	13019	14230	13311	14630	5.2	5.7	2.25	2.81	2.76	2.71	2.26	2.56	2.71		2.71	883	422.3	524		26		2.2	2.26	2.71	2.26	2.71	6.91	10.48	16.8	20.9	0.1	100	15	23	30	32	-0.71	-0.84	-0.1	-0.2	0.3	0.1	-0.16	-0.096	-0.56	0.07	47.4	33.1	40.5	50.8	68.7	65.3	70	70	25.8	2.09	29.60%	24.60%	18.1	18	34	4.44%	4.90%
Australia	AUS	25,000,000	7,682,300	30.3	21.2	43.1	0.939	0.951	78.9	2.5	1.48	1,224.90	1,250.80	1,250.70	1,269.20	50169	51748	53317	55807	2.87	1.48	5.16	5.32	5.29	5.14	5.12				5	4,492	5364.5	5427.5	3	6		5.2	5.12		5.12		0.43	1.46	5.7	5.11	0.4	100	40	39	58	56	0.9	0.85	1.5	1.5	1.9	1.8	1.68	1.674	1.8	1.74	93.4	95.2	77.4	87	80.9	77.7	90	90	36	15.24	14.40%	24.60%	28.7	29	31	1.98%	1.90%
Austria	AUT	9,000,000	82,445	30.5	30.5	46.8	0.908	0.916	80.3	0.9	4.48	488.5	495.8	462.4	483.1	56960	58076	55686	58427	2.5	4.48	5.45	5.46	5.48	5.37	5.22				5	5,138	5322.3	5242.2	17.3	5		5.4	5.22		5.22	-	0.04	0.06	6.1	6.3	0.5	100	37	37	57	56	1.04	0.91	1.5	1.6	1.4	1.3	1.81	1.788	1.53	1.27	80.9	94.6	73.5	82.9	71.8	73.8	70	70	51.8	7.29	80.00%	83.90%	30.6	34	40	0.80%	0.70%
Azerbaijan	AZE	10,000,000	82,629	33.7	-	48	0.757	0.745	51.1	1.1	5.6	141.2	144.8	138.5	146.3	14549	15052	14479	15843	1.5	5.6	2.63	2.95	2.9	2.47	2.46	2.68			2	1,191	168.4	193.1	38.6	26		2.6	2.46	2.68	2.46	2.68	3.89	10.46	5.1	6.58		100	3	2	9	7	-0.76	-0.85	-0.2	0.2	-0.3	-0.1	-0.56	-0.585	-0.88	-0.83	36.8	15.9	39.9	28.6	64.3	61.6	60	60	36.8	3.54	7.80%	12.30%	16.8	17	18	5.27%	4.00%
Bahamas	BHS	400,000	10,010	-	-	-	0.807	0.812	60.4	0.5	13.72	14	14.2	10.8	12.3	37066	38064	29065	34108	1.83	13.72	2.5	2.25	2.33	2.42	2.25	2.29	2.37	2.78	3	1,699	2002.4	2004.6	4.9	70		-	2.25	2.78	2.25	2.78			15.3	13.24		100	38	38	53	53	1	0.88	0.6	0.5	0.1	0.1	0.19	0.102	1.17	1.18	53.5	78.8	50.9	64.3	63.3	68.7	60	60	23.8	7.29	0.00%	0.00%	12.8	13	18		
Bahrain	BHR	1,300,000	760	-	-	33.6	0.846	0.875	63.9	3.2	2.23	72.8	74.4	70.7	72.3	47486	47224	43821	45411	2.11	2.23	2.47	2.67	2.87	2.32	2.37	2.09	2.15		2	2,453	994.2	940.4	10.5	14		2.5	2.37	2.15	2.37	2.15	1.04	2.34	1.3	1.87		100	2	2	10	10	-0.95	-0.51	0.2	0.7	0.4	0.8	0.45	0.471	-0.14	0.17	55.1	27.4	51.8	41.6	67.7	62	80	80	33.4	20.27	1.30%	1.50%	7.5	15	15	3.56%	3.70%
Bangladesh	BGD	165,000,000	130,170	32.1	38.4	54.5	0.608	0.661	35.3	6.4	6.94	838.8	904.9	936.10	1,001.10	5322	5784	5995	6613	7.32	6.94			1.54			1.33			1.33	88	41.9	45.9	5.1	173		-		1.33		1.33			4.1	5.23		96.2	19	15	26	24	-1.25	-0.97	-0.7	-0.6	-0.8	-0.8	-0.67	-0.611	-0.83	-0.96	32.6	28.1	21.2	22.2	55.1	52.7	30	40	13.9	0.56		3.90%	20.3	20	21	1.27%	1.30%
Barbados	BRB	300,000	430	-	-	-	0.8	0.79	60.8	0.5	1.4	4.5	4.4	3.8	3.9	15989	16154	14046	14817	-1.03	1.4	6.14	5.38	4.71	4.37	5.43	3.2	3.06	6.45	6	1,234	1164.5	1143.3	9.6	27		6.2	5.43	6.45	5.43	6.45	1.61	2.65	11.4	10.41		100	38	38	58	57	0.98	1.12	0.8	0.5	0.5	0.6	0.66	0.375	1.42	1.24	54.4	88.2	53.8	68.7	57	71.3	60	60	45	4.36	1.00%	3.30%	16.7	20	20		
Belarus	BLR	10,000,000	202,900	26.5	21.7	42.9	0.808	0.808	59.9	-3.9	2.51	179.1	181.6	180	184.5	19428	20093	20238	21699	3.15	2.51	4.82	4.79	4.95	4.79	5.38	4.98	4.95		5	1,085	351	399.4	10	2		4.8	5.38	4.95	5.38	4.95	1.3	5.24	0.5	4.74	0	100	6	2	15	6	0.03	-0.74	-0.4	-0.8	-0.7	-0.9	-0.82	-1.1	-0.26	-0.24	57.3	15.5	42	43.7	58.1	53	10	20	41.7	6.12	23.80%	29.80%	34.5	35	40	1.16%	1.20%
Belgium	BEL	11,000,000	30,278	25.9	23.7	42.5	0.916	0.937	77.5	1.4	6.24	584.4	596.7	562.8	598	52535	54278	53070	58931	1.84	6.24	6.59	6.45	6.46	6.43	6.38				6	4,782	5134.4	4960.4	56.5	5		6.6	6.38		6.38	-	0.52	0.89	8.3	6.42	0.1	100	39	39	56	57	0.42	0.61	1.2	1.1	1.2	1.3	1.34	1.326	1.5	1.48	69.5	91.2	70.9	83.6	67.5	69.6	70	70	54.1	8.1	95.20%	52.00%	38	38	42	1.08%	0.90%
Belize	BLZ	400,000	22,806	-	33.8	-	0.708	0.683	48.5	1.5	9.75	2.7	2.8	2.3	2.6	7319	7455	6166	6921	2.04	9.75	6.61	6.87	7.29	7.45	7.47	7.14	7.53	8.71	8.71	524	286	293.4		36		6.5	7.47	8.71	7.47	8.71	0.66	0.15	11	8.22		97.1	36	34	50	53	0.05	0.46	-0.6	-0.5	-0.5	-0.4	-0.96	-0.778	-0.27	-0.3	53.5	70.2	34.7	38.1	57.1	56.6	50	50	33.9	1.64	2.60%	3.20%	9.4	9	13	1.25%	1.20%
Benin	BEN	11,000,000	110,622	36.5	13.4	41.4	0.515	0.525	34.5	5.2	6.6	36.3	38.8	40.3	42.9	3236	3426	3505	3789	6.7	6.6	3.16	3.17	2.9	3.54	2.93	2.97	3		3	84	31.1	29.1	52.8	397		4.3	2.93	3	2.93	3	2.79	6.72	1	1.57	4.8	41.4	33	17	49	42	0.05	-0.3	-0.6	-0.2	-0.5	-0.4	-0.62	-0.594	-0.55	-0.15	31.3	55.3	30.2	40.3	56.7	61	50	50	21.9	0.62			7.2	7	8	0.56%	0.70%
Bhutan	BTN	800,000	38,394	38.8	28.6	36.7	0.612	0.666	47.7	7.7	-10.08	8.6	9.1	8.1		11620	12366	11129		3.06	-10.08	6.04	7.59	6.99	7.23	6.85	5.68			5.68	287	102.7	116	36.1	183		5.9	6.85	5.68	6.85	5.68	8.14	3.65	2.4	4.33		100	28	29	27	32	1.13	0.97	0.6	0.8	-0.3	-0.4	0.63	0.636	1.57	1.55	51.6	60.9	50.9	73.5	61.8	59.3	30	30	30.5	1.38	100.00%	100.00%	8.5	15	17		
Bolivia	BOL	11,000,000	1,083,301	47	23.3	45	0.693	0.692	44.8	4.8	6.11	98.3	100.4	91.7	97.3	8862	9093	8283	9030	4.22	6.11	8.26	8.94	8.85	8.66	8.9				8.9	446	235.7	245.9	13.1	155		7.3	8.9		8.9	-	6.79	4.9	3.7	8.51	0.9	97.6	28	27	39	39	-0.3	-0.32	-0.4	-0.7	-0.9	-1.2	-1.21	-1.163	-0.66	-0.86	11.4	28.4	23.1	28.7	44.1	43	40	40	42.2	1.94	32.50%	35.60%	53.1	53	46	1.54%	1.40%
Bosnia and Herzegovina	BIH	3,900,000	51,187	33.8	25.3	47.8	0.768	0.78	50.2	2.8	7.1	47.8	49.2	47.6	51	14918	15711	15598	16846	3.74	7.1									-	1,102	539.9	553.8	2.2	10		-					13.28		25.8	15.22		100	21	19	34	34	-0.38	-0.38	-0.5	-1	-0.2	-0.2	-0.21	-0.279	-0.52	-0.64	43.7	37.2	28.4	33.4	61.4	63.4	60	60	44.1	6.38	36.70%	37.30%	21.4	21	26	0.89%	0.90%
Botswana	BWA	2,200,000	566,730	60.5	16.6	31.9	0.717	0.693	44.1	-0.3	11.36	36.6	37.8	34.5	38.4	16610	17097	15471	17604	3.98	11.36		7.81	7.97	7.3	6.72	6.91	8.74		8.74	970	494.2	481.5	77.5	144		-	6.72	8.74	6.72	8.74			18.4	24.72		72	28	28	44	44	1.03	0.98	0.4	0.4	0.5	0.6	0.51	0.482	0.8	0.69	54.7	70.1	56.6	61.4	69.9	64.8	70	70	34.9	3.15	0.00%	0.20%	9.5	10	11	2.86%	2.80%
Brazil	BRA	209,000,000	8,358,140	49	34.3	54.6	0.759	0.754	51.6	-3.8	4.62	3,072.50	3,110.10	2,989.40	3,127.50	15019	15358	14834	16056	1.78	4.62	5.95	6.24	6.31	6.32	6.09				6	1,392	866.2	853.4	11.4	60		5.9	6.09		6.09	-	0.52		11.5	14.4	0.7	100	31	31	47	42	-0.41	-0.49	-0.3	-0.5	-0.1	-0.1	-0.28	-0.28	-0.53	-0.48	55.5	57.2	31.4	40	51.4	53.3	50	50	40.5	2.06	75.00%	86.00%	10.7	15	15	1.19%	1.50%
Brunei	BRN	400,000	5,265	-	-	-	0.853	0.829	72.5	-0.2	-1.61	25.9	26.9	27.2	26.8	61832	64719	65607	66620	0.05	-1.61	3.35		4.43						-	2,083	763.1	671.6	23.2	10		3.4					0.77	1.68	2	7.65		100	6	7	22	21	1.19	1.17	1.1	1.5	0.7	1	0.65	0.89	0.71	1.25	57.1	51.6	45.4	61.1	64.2	64.8	50	50	37.5	16.13	0.10%	0.00%	9.1	9	9	3.26%	3.30%
Bulgaria	BGR	7,000,000	108,489	40.2	20.4	40.1	0.813	0.795	59.9	3	4.18	156	162.3	155.2	161.7	23016	24498	24564	26705	2.68	4.18				4.08						1,492	689.9	697.9	5.8	320		-					13.3		8	5.42	0.3	99.7	33	33	47	46	0.37	0.46	0.3	-0.1	0.6	0.4	-0.04	-0.044	-0.16	-0.24	42.5	61.1	38.2	45.6	68.3	71	60	60	36.3	5.61	18.80%	21.10%	23.8	24	24	1.59%	3.20%
Burkina Faso	BFA	19,000,000	273,800	39.5	17.9	41.5	0.423	0.449	33.4	4	6.91	41.8	44.2	45.1	48.2	2168	2267	2274	2462	6.6	6.91	4.05	3.67		5.63	5.49	5.7	5.52		5.52	96	40.3	42.3	24.3	548		4.6	5.49	5.52	5.49	5.52	20.66	24.5	3	4.76	8.4	19	23	23	37	30	-0.92	-1.64	-0.6	-0.7	-0.4	-0.5	-0.4	-0.438	-0.11	-0.06	47.1	36.3	31.8	41.4	60	58.3	40	40	23.3	0.25	9.90%	12.50%	11	11	6	2.89%	2.40%
Burundi	BDI	11,000,000	25,680	42.4	15.6	37.7	0.417	0.426	28.3	-4.1	1.8	8.5	8.7	8.7	8.8	780	783	771	793	1.61	1.8	6.78	6.37	4.69	4.76	5.08	5.35	5.04		5.04	64	22.4	20.6	3.4			-	5.08	5.04	5.08	5.04	6.39	10.11	1.6	1.79		11.7	4	4	14	10	-1.97	-1.36	-1.3	-1.3	-0.8	-1	-1.4	-1.294	-1.28	-1.58	21.7	7.1	26.2	12.2	50.9	39.4	30	30	26.7	0.06	87.00%	65.50%	36.4	36	38	1.92%	1.80%
Cabo Verde	CPV	500,000	4,033	-	-	-	0.654	0.662	-	1.8	6.95	3.7	3.9	3.4	3.6	7028	7475	6376	7028	4.53	6.95	4.96	5.27	5.29	5.18	5.37	4.73	7.58		7.58	310	190.5	177.9	6.7	58		5	5.37	7.58	5.37	7.58	6.45		10.5			94.2	37	38	53	54	0.9	-	0.2	-	-0.2	-	0.41	-	0.84	-	52	77.4	42.8	60.9	60	66.7	60	60	30.8	1.18	30.70%	19.00%	23.6	24	39		
Cambodia	KHM	16,000,000	176,515	37.9	25.6	48	0.582	0.593	38.5	6.9	3.03	67.6	72.4	70.1	72.2	4259	4574	4423	4683	7.47	3.03	1.91	2.6	2.8	3.2	2.16				2.16	210	92.9	113.3	39.2	160		1.9	2.16		2.16	-	9.31	10.85	0.3	15.42		86.4	10	5	20	19	0.17	-0.13	-0.7	-0.4	-0.5	-0.6	-1.06	-0.9	-1.29	-1.18	24.5	20.9	17.7	12.3	58.7	57.1	50	50	21.2	0.98	47.70%	50.10%	20.3	20	22	2.32%	2.30%
Cameroon	CMR	24,000,000	472,710	44.6	16.7	39.9	0.556	0.576	32.1	5.9	3.49	93.6	96.9	97.3	100.7	3801	3901	3867	4064	3.96	3.49	2.58	2.66	2.56	3.06	3.03	3.08	3.17		3.17	163	53.2	54	63.8	529		-	3.03	3.17	3.03	3.17			4.5	0.61		64.7	9	6	13	9	-1.08	-1.41	-0.8	-0.9	-0.8	-0.9	-1.02	-1.097	-1.18	-1.09	29.4	10.9	23.4	19.9	51.9	52.9	50	50	21.6	0.36	77.00%	64.30%	31.1	31	34	1.02%	1.10%
Canada	CAN	37,000,000	9,093,507	32.1	23.9	40.2	0.926	0.936	76.9	1.2	4.56	1,814.80	1,848.90	1,752.20	1,832.10	49993	49299	46572	52085	2.78	4.56									-	4,600	5018.7	5048.4	3.9	10		-					0.21		7.1	3.87		100	40	40	59	58	1.11	0.94	1.9	1.6	1.9	1.6	1.8	1.627	1.92	1.65	77.1	96.4	78.3	86.7	77.7	76.6	80	80	39.9	15.43	64.70%	68.80%	26.3	27	30	1.32%	1.30%
Central African Republic	CAF	4,900,000	622,984	43.6	-	25.2	0.367	0.404	16.1	4.3	0.9	4.4	4.5	4.5	4.6	955	986	989	1021	3.79	0.9	2.22	1.91	1.75	1.75	1.57	1.77	2.17		2.17	32	53.7	37.2	4.4	829		-	1.57	2.17	1.57	2.17			6.9	7.51		15.5	4	3	5	4	-1.94	-2.1	-1.8	-1.6	-1.5	-1.5	-1.73	-1.667	-1.17	-1.23	28.2	12.3	24.6	18.3	49.2	45.7	30	30	13.4	0.05	86.20%	99.40%	8.6	9	13	1.86%	1.50%
Chad	TCD	15,000,000	1,259,200	43.3	12.8	30.4	0.404	0.394	20.4	1.8	-1.2	24.4	25.2	24.8	24.5	1614	1646	1592	1591	2.37	-1.2	2.6	2.4	2.3	2.45	2.26	2.37	2.91		2.91	100	29.7	29.9	11.6	1140		-	2.26	2.91	2.26	2.91	25.72		5.8	1.88	8.4	11.1	4	1	14	14	-1.34	-1.34	-1.5	-1.4	-1.2	-1.2	-1.3	-1.325	-1.43	-1.48	24.1	13.6	23.1	13.1	49.3	49.8	40	40	17.7	0.14			12.8	15	32	2.79%	2.20%
Chile	CHL	18,000,000	743,812	50.5	31.7	45.6	0.843	0.855	62.6	2.1	11.67	468.9	472.5	444.2	496.1	25527	25323	25089	29104	3.99	11.67	4.73	4.88	5.34	5.42	5.43				5	1,903	1455.1	1375.8	5.5	13		4.7	5.43		5.43	-	1.28		6.6	9.13	0.4	100	37	38	57	56	0.38	0.06	0.9	0.6	1.3	1	1.01	0.914	1.04	0.98	63.4	91.4	61.2	71.4	75.2	74.4	70	70	25	4.82	44.70%	48.30%	15.8	23	35	1.96%	1.80%
China	CHN	1,386,000,000	9,326,410	46.5	25.7	41.9	0.752	0.768	50.8	6.9	8.11	21,229.40	22,492.60	22,996.40	24,861.30	15496	16652	17189	19338	6.75	8.11	3.73	3.82	3.79	3.67	3.54	3.54	3.57		3.57	762	501.1	535.1	57.9	29		-	3.54	3.57	3.54	3.57			4.6	4.82	0.1	100	0	-2	14	11	-0.25	-0.48	0.4	0.8	-0.2	-0.3	-0.26	0.035	-0.27	0.05	65.4	37.4	47.3	39.3	57.8	48	20	20	30.7	7.61	25.00%	29.20%	24.2	25	25	1.74%	1.90%
Colombia	COL	49,000,000	1,038,700	51.1	40.7	60.2	0.843	0.752	49.1	3.1	10.56	710.9	733.5	681.8	753.9	15044	15673	14868	16894	2.56	10.56	4.63	4.47	4.48	4.54	4.45	4.51	4.93		4.93	853	513.2	495.3	47.2	83		4.7	4.45	4.93	4.45	4.93	2.28	1.21	9.9	14.34	5.6	100	29	29	36	35	-0.79	-0.91	-0.1	0	0.3	0.2	-0.36	-0.452	-0.37	-0.34	36.4	59.1	33.4	42	68.9	65.1	70	70	29.2	1.61	69.40%	67.10%	18.7	18	19	3.40%	3.20%
Comoros	COM	800,000	2,235	55.9	23.1	42.4	0.752	0.558	-	1	2.35	2.6	2.6	2.6	2.7	3147	3188	3148	3284	3.64	2.35	2.74	2.55								121	69.4	72.3	12.2	273		4.9					18.15		20	9.45		86.7	24	16	31	26	0.03	-0.23	-1.6	-1.8	-1	-1.2	-1.05	-1.225	-0.68	-1.29	28.2	21.2	27.5	20.1	56.2	50.4	30	30	27.2	0.38	3.70%	0.40%	6.1	6	17		
Congo (Dem. Rep.)	COD	81,000,000	2,267,048	42.1	-	40.5	0.457	0.479	24.8	7.7	5.71	91.3	95.3	96.9	102.5	1112	1144	1142	1219	5.82	5.71	1.95	2.17	2.12	1.45			2.45	2.7	2.7	34	18.5	20.6	33	473		-		2.7		2.7			3.6	5.43		19.1	2	2	19	15	-2.3	-1.61	-1.6	-1.7	-1.5	-1.4	-1.69	-1.704	-1.42	-1.55	23.9	13.2	27.3	11.8	52.1	47.6	20	20	13.2	0.04	54.60%	28.90%	8.9	9	13	0.56%	2.70%
Congo (Rep.)	COG	4,500,000	341,500	48.9	18.8	47.2	0.606	0.571	32.7	2.5	-3.5	20.6	20.6	19.3	18.6	4022	3987	3689	3617	-4.81	-3.5	3.18	3.28	5.24	4.45	3	3.58	4.45		4.45	203	49.5	48.6	11.4	378		-	3	4.45	3	4.45	15.63		11.2	23.01		49.5	4	4	13	15	-0.53	-0.61	-1.2	-1.6	-1.3	-1.4	-1.1	-1.136	-1.33	-1.37	28.2	14.9	24.6	13.4	38.9	48.5	30	30	47.1	1.35	99.80%	99.90%	11.3	11	11	2.91%	0.70%
Costa Rica	CRI	4,900,000	51,060	48.5	44.7	62.1	0.794	0.809	58.9	3.7	7.58	103.4	105.9	101.6	109.3	21319	22632	22244	23387	2.62	7.58	6.68	6.87	6.89	7.07	6.77	6.8	6.71		7	1,286	909.7	921.6	14	27		6.9	6.77	6.71	6.77	6.8	0.12	0.07	9	17.95	0.9	99.9	38	38	53	53	0.51	0.87	0.3	0.3	0.5	0.5	0.45	0.452	0.47	0.5	57.8	78.4	51.8	63.1	65.6	65.4	50	50	19.3	1.63	99.10%	99.80%	35.1	46	46		0.00%
Cote d'Ivoire	CIV	24,000,000	318,003	41.5	14.4	39.6	0.794	0.55	30.5	8.6	7.02	126.2	134	136.7	146.3	5154	5433	5465	5940	6.89	7.02	3.31	3.49	3.97	3.8	3.24	3.72	3.44		3.44	190	72.2	75.1	48.3	617		4.6	3.24	3.44	3.24	3.44	6.18	3.34	9.3	3.47	2.4	69.7	19	19	32	30	-1.09	-0.95	-0.7	-0.5	-0.4	-0.3	-0.63	-0.634	-0.52	-0.37	44.2	30	36.6	33.8	62	61.6	50	50	22.6	0.42			10.6	11	14	1.25%	1.10%
Croatia	HRV	4,200,000	55,974	30.8	30.2	46.2	0.831	0.858	64.5	1.6	10.45	115.2	119.3	109.6	121.1	28877	30544	28780	33801	2.9	10.45				3.85	3.91					1,656	1014.2	1040.1	46.7	8		-	3.91		3.91	-	1.62		13.5	8.68	0.2	100	37	36	49	49	0.75	0.71	0.6	0.6	0.4	0.5	0.33	0.303	0.19	0.06	56.5	69.9	40.5	50	61	67.6	60	60	47.4	4.06	68.50%	59.20%	18.5	19	31	2.74%	1.70%
Cuba	CUB	11,000,000	109,820	-	-	-	0.777	0.764	-	4.3	-10.95	0	0	0	0					2.25	-10.95										-	986.9	1031.9		36		-				-	2.16	0.2	2.9	2.76		100	1	1	13	11	0.69	0.43	-0.2	-0.2	-1.3	-1.4	-0.43	-0.404	0.27	-0.01	10	15.6	38.1	39.9	31.9	29.5	10	10	62.4	2.29	4.20%	4.60%	48.9	53	53	...	2.90%
Cyprus	CYP	800,000	9,241	34.8	30.7	49.4	0.869	0.896	65.9	1.6	5.51	34.8	36.6	34.8	36.7	40559	42339	39593	42556	5.69	5.51	6.44	6.33	6.15	5.72						2,137	1981.8	1996.5	2.3	6		-				-	0.58		11.7	6.13	0.2	100	38	38	56	55	0.6	0.44	0.9	0.7	1	0.9	0.88	0.637	0.78	0.39	56.7	90.9	41.3	62.9	67.8	72.9	60	60	39.6	6	9.20%	13.30%	17.9	18	14	1.99%	1.60%
Czech Republic	CZE	11,000,000	77,247	-	27.3	46.8	0.888	0.889	71.1	4.2	3.34	424.5	437.3	412	425.8	41135	42847	41608	44261	3.2	3.34	3.97	5.75	5.55	3.81	4.27				4	2,470	1765.6	1844.2	3.1	3		-	4.27		4.27	4.27	0.41		4	2.89	0	100	37	36	56	55	1.02	0.96	1	1.1	1.2	1.3	1.12	1.126	0.57	0.64	57.9	81.8	51.1	59.6	74.2	74.4	80	80	41.4	9.02	12.10%	15.60%	20	22	25	1.43%	1.20%
Denmark	DNK	6,000,000	42,434	29	32.7	45.3	0.929	0.948	82	1.2	4.69	325.5	332.4	325.5	340.8	57483	58701	60230	64651	1.99	4.69	7.63			7.75	6.79				7	5,083	6216.8	6003.3	27.9	4		-	6.79		6.79	6.79	0.6		6.1	4.8	0.2	100	40	40	57	57	0.87	0.95	1.8	2	1.6	1.8	1.86	1.936	2.19	2.37	83.6	89.6	84.1	99.5	76.6	78	80	80	54.6	5.11	69.40%	85.20%	37.4	37	40	1.37%	1.30%
Djibouti	DJI	1,000,000	23,180	40.9	16.4	-	0.476	0.509	-	6.5	4.31	4.9	5.1	5.2	5.4	5181	5482	5533	5926	4.77	4.31		3.59	3.92	3.75	3.63				3.63	147	71.1	61.8	31.7	248		-	3.63		3.63	3.63	37.89	33.48	6.6	28.39		61.8	7	5	19	19	-0.71	-0.71	-1	-0.8	-0.6	-0.9	-0.91	-1.009	-0.64	-0.78	13.8	28.3	29	24.5	45.1	55.3	50	50	49.3	0.43		1.70%	10.8	26	26		3.70%
Dominican Republic	DOM	11,000,000	48,320	47.1	30.3	54.8	0.736	0.767	48.1	7	12.27	188.2	197.7	184.4	207.1	18135	19190	17934	20769	6.98	12.27	3.96	3.82	3.85	3.92	3.93	4.04	4.62		4.62	873	461.5	491.1	19.5	95		-	5.57	4.7	3.93	4.62	5.67	4.11	14.4	8.5	0.4	100	26	27	41	41	0.16	0.14	-0.4	0	-0.1	0.1	-0.42	-0.096	-0.74	-0.57	23.1	55.9	26.2	30.8	61.6	63	40	40	17.7	2.54	12.20%	10.90%	26.8	27	28	0.65%	0.70%
Ecuador	ECU	17,000,000	276,841	45.9	37	58.8	0.752	0.74	48.1	0	4.24	197.5	197.5	182.2	189.9	11838	11850	10890	11661	1.29	4.24	5.26	5	4.36	4.61	4.62	4.23	4.13		4.13	980	495.2	486.5	16.6	59		-	4.62	4.13	4.62	4.13	1.31	1.38	5.4	6.43	2.1	98.8	25	31	35	40	-0.1	-0.27	-0.3	-0.2	-1	-0.7	-0.7	-0.339	-0.6	-0.57	23.3	47.3	30.2	37.2	48.5	54.3	40	40	39.8	2.26	54.10%	81.20%	38	38	39	2.46%	2.30%
Egypt	EGY	98,000,000	995,450	31.8	23.8	43.2	0.696	0.731	43.1	4.2	3.33	1,118.70	1,180.90	1,223.00	1,263.70	11638	12260	12606	13316	5.31	3.33	4.25	3.93	4.05			2.61	2.48		2.48	495	125.5	149.8	3.1	37		-		2.48		2.48	0.65		12	9.33		100	10	6	16	12	-1.42	-1.02	-0.6	-0.4	-0.9	-0.5	-0.53	-0.245	-0.54	-0.68	52.5	22.1	32.2	28.7	53.4	49.1	50	50	34.1	2.48	8.70%	9.60%	14.9	15	28	1.30%	1.20%
El Salvador	SLV	6,000,000	20,721	36	35.6	56.3	0.674	0.675	47.2	2.4	10.8	55.3	56.6	51.8	57.4	8822	9147	8420	9669	2.43	10.8	3.82	3.91	3.83	3.73	3.61	3.39			3.39	578	288.5	300.1	1.6	46		3.4	3.61	3.39	3.61	3.39			6.3	5.94	0.3	100	34	26	36	33	-0.25	-0.21	-0.4	-0.3	-0.2	-0.3	-0.86	-0.848	-0.51	-0.53	35.4	46.8	25.2	36.1	63.2	59.6	60	60	21.3	1.21	58.40%	71.20%	32.1	31	27	1.37%	1.20%
Equatorial Guinea	GNQ	800,000	28,051	-	-	-	0.591	0.596	-	-12.2	-0.95	26.7	25.2	24.2	23.9	20873	19385	18158	18127	-6.24	-0.95										790	310.6	254.9	3.6	301		-				-			7.3	9.24		66.7	1	0	6	5	-0.15	-0.29	-1.4	-1.2	-1.4	-1.7	-1.49	-1.197	-1.83	-1.57	17.6	6.9	26.2	6.5	42	47.2	30	30	36.1	3.95	45.90%	10.60%	24	20	23	1.31%	1.10%
Eritrea	ERI	5,000,000	101,000	-	-	-	0.44	0.492	-	4.8		0	0	0	0																56	24	25.3	2.7	480		-				-	47.35		7.3	8.05		52.2	1	1	2	2	-0.66	-1.01	-1.7	-1.7	-2.2	-2.3	-1.56	-1.572	-1.2	-1.24	13.8	3.9	23.4	11.1	41.7	39.7	20	20	28.5	0.25	1.00%	5.30%	22	22	22	...	
Estonia	EST	1,300,000	42,388	34.8	17.9	34.4	0.871	0.89	70.8	1.1	8.35	46.4	48.3	46.9	50.8	36249	37851	37645	42192	4.13	8.35	4.39	5.14	5.16	4.96	5.26				5	1,887	1552.6	1598.8	35.4	9		-	5.26		5.26	-	2.16		6.9	6.33	0.3	100	38	38	56	56	0.66	0.76	1.1	1.4	1.6	1.6	1.28	1.428	1.24	1.54	83.9	92.3	75.7	83.9	78.8	80	80	70	39.8	7.67	16.50%	44.20%	26.7	27	26	2.16%	2.10%
Eswatini	SWZ	1,100,000	17,204	50.4	15.5	35.3	0.588	0.597	-	1.7	7.43	9.7	9.9	9.8	10.5	8725	9018	8865	9816	2.38	7.43	7.07	5.36	5.41	6.14	5.68	5.65	5.34	5	5	-	298.1	264.1		437		-	5.68	5	5.68	5	16.35		25.3	25.76		79.7	1	1	15	16	-0.3	-0.03	-0.6	-0.7	-0.6	-0.6	-0.29	-0.561	-0.3	-0.65	35.3	36.9	26.9	32.1	55.9	51.4	40	40	34.1	0.84	53.60%	54.60%	6.2	7	10	1.70%	1.80%
Ethiopia	ETH	105,000,000	1,000,000	33	26.7	41.7	0.463	0.498	32.3	10.2	5.64	229.8	249	264.1	278.9	2154	2315	2423	2600	6.82	5.64	4.6	4.74	5.06	5.65	5.07				5.07	66	24.3	26.7	3.2	401		-	5.07		5.07	5.07		12.79	5.7	3.69		51.1	4	12	8	11	-1.69	-2.07	-0.7	-0.6	-1	-0.9	-0.45	-0.606	-0.56	-0.4	37.6	20.5	37.7	33.2	52.8	49.6	20	20	17.7	0.16	100.00%	100.00%	38.8	39	43	0.53%	0.60%
Fiji	FJI	900,000	18,274	-	-	-	0.741	0.73	49	4.3	-4.08	12.2	12.2	10.3	9.9	14177	14262	12158	12060	3.81	-4.08	4.27	4.81	4.84	4.65	4.84	5.07			5.07	331	216.1	235.7	3.4	34		-	4.84	5.07	4.84	5.07		1.18	7.9	5.24	0.2	100	24	23	35	35	0.79	0.67	0.1	0.6	-0.2	0	-0.25	0.311	0.36	0.47	47.1	43.4	34.8	54.3	62	56.4	50	50	32.6	1.83	46.20%	57.90%	16	20	22	1.65%	1.60%
Finland	FIN	6,000,000	303,815	27.2	31.3	51.3	0.92	0.94	81.3	0.4	3.47	265	268.3	262.1	271.2	49581	50322	50937	55007	1.14	3.47	7.1	7.03	6.85	6.36	6.28				6	3,669	4515.7	4450.3	23	3		7.2	6.28		6.28	-	1.33		9	7.53	0	100	40	40	60	60	1.07	0.98	1.9	2	1.8	1.9	2.03	2.058	2.22	2.27	82.7	97.8	89.8	96.4	74.1	78.3	80	80	57.1	7.37	46.30%	53.20%	42	42	46	2.03%	1.50%
France	FRA	67,000,000	549,970	29.3	30.4	51.8	0.901	0.903	73.9	1.1	6.96	3,038.60	3,094.60	2,851.60	3,050.10	46577	49072	46991	50729	1.87	6.96				5.45	5.41				5	4,542	4657.8	4491.7		8		5.5	5.41		5.41	-	0.01		10	8.06	0	100	38	38	52	51	0.21	0.37	1.4	1.3	1.2	1.2	1.44	1.289	1.26	1.31	72.7	85.5	65.1	75.9	63.9	65.9	70	70	57	4.47	16.80%	23.70%	39	40	40	1.95%	1.90%
Gabon	GAB	1,900,000	257,667	42.2	17.5	39.9	0.702	0.706	40.9	4	1.51	31.2	32.5	31.9	32.4	15096	15577	15105	15598	0.84	1.51	2.67	2.99	2.66	3.33	2.93	2.73	3.18		3.18	481	218.5	215	3.6	252		-	2.93	3.18	2.93	3.18			18.5	22.26		91.6	4	3	19	18	-0.09	-0.09	-0.9	-0.8	-0.8	-0.8	-0.68	-0.696	-0.81	-0.85	27.8	18.6	33.4	24.4	58	55.8	40	40	22.6	2.42	45.00%	58.20%	17.1		16	1.71%	1.60%
Gambia, The	GMB	2,100,000	10,120	50.2	-	-	0.46	0.5	-	4.4	5.63	4.9	5.2	5.2	5.5	2210	2320	2277	2434	7.23	5.63	2.23	2.16	2.02	2.46	2.37	2.79	2.76		2.76	-	35.8	29.7	51.4	597		-	2.37	2.76	2.37	2.76	18.19	13.63	29.7	11.21		62.3	20	21	21	26	-	0.18	-	-0.6	-	-0.9	-	-0.386	-	-0.36	38.8	37.2	36.8	38.1	52.3	58	50	50	29.4	0.25		1.00%	10.3	10	9	0.75%	0.80%
Georgia	GEO	3,700,000	69,700	40.1	31.1	44.3	0.78	0.802	55.4	2.8	10.36	53.1	55.8	52	57.4	14594	15622	14731	16997	4.84	10.36	3	3.16	3.59	3.57	3.52	3.81	3.85		3.85	718	312.7	291.1	33	25		-	3.52	3.85	3.52	3.85	0.79	0.62	11.6	10.66	1.5	100	26	22	38	36	-0.37	-0.42	0.6	0.7	1.1	1.1	0.33	0.171	0.74	0.69	64.2	56.4	61.8	64.4	76.2	71.8	60	70	29.8	2.72	78.90%	75.90%	16	16	19	1.67%	2.00%
Germany	DEU	83,000,000	348,672	27	29.8	52.7	0.936	0.942	79.6	1.5	2.89	4,434.40	4,481.20	4,276.40	4,400.10	55235	55653	54845	57928	1.09	2.89	4.92	4.86	4.84	4.87	4.98				5	5,357	5482	5440.3	47.2	7		4.9	4.98		4.98	-	0.69		4.3	3.54	0	100	39	39	55	55	0.58	0.76	1.7	1.3	1.8	1.6	1.61	1.609	1.84	1.81	78	95.3	75.3	89.4	74.2	76.1	70	70	44.2	7.91	31.80%	48.60%	37	31	35	1.34%	1.30%
Ghana	GHA	29,000,000	227,533	42.3	21.4	39.5	0.592	0.632	40.2	3.5	5.36	158.2	168.5	169.4	178.5	5442	5774	5750	6178	6.2	5.36	4.4	4.43	4.39	3.53	3.89				3.89	249	76.8	75.3		308		6.2	3.89		3.89	-	3.62	5.98	5.8	4.7		85.9	37	35	46	45	0.09	0.07	-0.1	-0.1	-0.1	-0.2	0.13	-0.081	-0.23	-0.11	43.7	57	32.9	45.4	56	59.8	60	60	26.5	0.66	52.20%	38.50%	12.7	13	15	0.49%	0.40%
Greece	GRC	11,000,000	130,647	36.7	23.6	48.8	0.87	0.887	64.1	-0.2	8.34	312.8	318.4	289.7	313.8	29618	30356	27949	31295	1.67	8.34		3.66		3.48	3.6				4	2,204	1572.7	1500.6	14.5	3		-	3.6		3.6	-	1.43	0.89	23.9	14.8	0.4	100	35	37	50	50	-0.13	0.15	0.3	0.4	0.2	0.4	0.08	0.35	-0.14	0.21	59	69.9	37.9	52.3	57.3	61.5	40	50	51.3	5.6	29.70%	43.60%	18.3	19	22	3.87%	2.60%
Guatemala	GTM	17,000,000	107,159	53	34.2	57.9	0.65	0.627	42.5	4	7.53	138.3	143.7	141.5	152.1	8664	9019	8853	9769	3.32	7.53	2.99	3.03	2.94	2.95	3.14	3.2	3.3		3.3	444	259.6	271		95		2.9	3.14	3.3	3.14	3.3	10.63	10.55	2.4	3.57		97.1	23	21	33	30	-0.57	-0.39	-0.6	-0.8	-0.3	-0.3	-1.06	-1.093	-0.74	-1.17	33.1	36.9	27.3	26.5	63.4	63.2	50	50	12.5	1.16	61.70%	75.40%	12.7	13	19	0.44%	0.40%
Guinea	GIN	13,000,000	245,717	39.4	-	38.1	0.459	0.465	28.3	0.1	3.12	31	32.8	34.3	35.4	2559	2675	2754	2879	6.36	3.12	2.42	2.52	2.54	2.32	2.38	1.85	2.2		2.2	57	35.7	43	34.7	576		2.4	2.38	2.2	2.38	2.2		14.46	6.8	6.34	3.1	44.7	17	10	24	24	-0.61	-0.97	-1	-0.9	-0.8	-1	-1.23	-1.131	-1.01	-1	28.2	27.8	26.9	25.6	52.2	54.2	40	40	25.4	0.31	50.00%	63.60%	21.9	22	17	1.48%	2.00%
Guinea-Bissau	GNB	1,700,000	28,120	-	-	-	0.455	0.483	-	4.8	3.8	3.6	3.7	3.6	3.8	1947	2021	1949	2057	1.28	3.8	2.2	2.3	2.3	2.2	2.14	2.95	2.71		2.71	100	61.2	62.6	58.3	667		-	2.14	2.71	2.14	2.71			6.5	6.76	4.7	33.3	16	17	25	26	-0.6	-0.28	-1.8	-1.4	-1.2	-1.3	-1.44	-1.438	-1.56	-1.3	53.5	14	27.3	15.9	56.9	46	30	30	21.9	0.17		2.40%	13.7	14	14	1.78%	1.40%
Guyana	GUY	800,000	196,849	44.6	-	-	0.654	0.714	42.8	3	19.93	9.7	10.2	14.7	17.6	12776	13634	19703	24494	4.44	19.93	4.36	3.9	4.74	4.66	4.45				4.45	336	301.4	325.9	4.1	169		-	4.45		4.45	-			11.4	16.42		92.5	32	30	42	43	-0.04	-0.14	-0.3	-0.2	-0.4	-0.5	-0.29	-0.398	-0.51	-0.17	42.5	47.4	34.8	41.5	58.7	59.5	30	30	31.2	3.64		2.40%	31.9	32	36	0.96%	1.70%
Haiti	HTI	11,000,000	27,560	60.8	28.6	38.2	0.498	0.535	24.2	1	-1.8	35.2	34.6	33.5	32.9	3241	3203	3095	3127	1.67	-1.8	1.75	1.86	1.4	1.5	1.63				1.63	120	63.1	57	3.4	480		-	1.63		1.63	-			13.2	15.73		46.9	17	11	24	22	-0.7	-1.1	-2.1	-2.2	-1.3	-1.3	-1.09	-1.251	-1.24	-1.42	42.5	18.6	24.6	14.3	55.8	50	30	30	21.9	0.29	8.40%	13.60%	2.5	3		0.19%	0.00%
Honduras	HND	9,000,000	111,890	47.1	27.2	57.7	0.617	0.621	41.9	3.6	12.53	54.5	55.9	50.9	57.3	5816	5978	5420	6253	3.84	12.53	7.09	6.41	5.16	4.94	6.06	4.91	6.44		6.44	353	180.9	187.6	45.6	65		-	6.06	6.44	6.06	6.44	15.7		6.3	8.51	4.3	93.2	20	21	26	26	-0.55	-0.61	-0.5	-0.8	-0.4	-0.5	-1.05	-1.072	-0.72	-1.07	34.5	29	28.2	25.4	60.6	59.5	60	60	27.9	1.05	43.60%	57.50%	25.8	21	27	1.61%	1.60%
Hungary	HUN	10,000,000	89,608	28.2	26.4	45.4	0.838	0.846	66.1	2.9	7.1	304.2	318.1	303.9	325.5	62514	62103	58980	65973	5.36	7.1	4.6	4.49	4.61	4.61	4.62				5	1,912	1074	1062.4	17.3	12		4.6	4.62		4.62	-	2.43	2.47	5.2	4.12	0.1	100	28	26	44	43	0.81	0.86	0.5	0.6	0.7	0.5	0.53	0.531	0.09	0.04	57.1	62.2	36.4	44.4	66.7	66.9	70	70	48.5	4.75	11.60%	17.90%	10.1	13	13	1.64%	1.20%
Iceland	ISL	300,000	100,250	28	31.1	48	0.935	0.959	83.7	4	3.7	20	20.5	19.2	19.9	31913	33515	33274	36753	4.89	3.7	7.64	7.46	7.43	7.58	7.56				8	4,116	6565.9	6275	2.9	4		-	7.56		7.56	-	4.44	5.47	3.8	5.4		100	37	37	58	57	1.37	1.37	1.5	1.6	1.4	1.5	1.61	1.755	1.84	1.79	72.6	94.8	77.3	85.3	77	77	70	70	43.1	4.55	100.00%	100.00%	47.6	38	48	...	0.00%
India	IND	1,339,000,000	2,973,193	35.2	29.2	36.4	0.64	0.633	40	7.3	8.95	8,811.10	9,140.50	8,537.60	9,301.50	6670	6972	6525	7334	6.45	8.95		4.11	4.25	4.31	4.36	4.41	4.47		4.47	238	60.3	63.7		145		-	4.36	4.47	4.36	4.47		5.37	3.5	5.98	1.8	99	35	33	42	33	-0.83	-0.62	0.1	0.3	-0.3	-0.1	0	-0.081	-0.24	-0.29	54.3	51.5	47.2	42.4	54.5	53.9	40	40	27.3	1.8	15.10%	21.70%	11.8	12	14	2.66%	2.40%
Indonesia	IDN	264,000,000	1,811,569	36.8	35.7	49.6	0.694	0.705	46.4	4.8	3.69	3,043.90	3,196.70	3,130.60	3,246.20	11643	12311	12072	12904	5.17	3.69	3.29	3.58	3.5	2.67	3	2.84			2.84	369	111.7	120.1	42.6	177		3.3	3	2.84	3	2.84	5.62		5.6	4.41	0.5	96.9	30	30	34	29	-0.51	-0.51	0	0.4	-0.1	0.3	-0.35	-0.225	-0.25	-0.43	45.2	43.2	42.8	39.9	64.2	64.4	60	60	17.6	2.29	11.20%	17.70%	19.8	20	21	0.70%	0.70%
Iran	IRN	81,000,000	1,531,595	44.5	24	43.6	0.798	0.774	48	0	1.76	1,252.50	1,235.70	1,257.50	0	15677	15533	15791		-2.25	1.76	2.8	2.8	3.37	3.79	3.96	3.66	3.59		4	1,262	484.3	470.4	21.3	16		2.8	3.96	3.59	3.96	3.59		0.14	11.3	11.46	0.2	100	7	4	11	10	-0.93	-1.62	-0.2	-0.9	-1.2	-1.6	-0.68	-0.947	-0.81	-1.1	35.3	29.4	32.6	19.8	50.9	42.4	10	10	17.2	7.6	5.40%	9.40%	5.9	6	6	2.30%	2.30%
Iraq	IRQ	38,000,000	437,367	-	26.5	45.3	0.685	0.686	37	2.4	2.78	405.7	428.1	379.6	390.2	10808	11349	9954	10409	2.63	2.78		4.49	4.71							481	239.4	253.3	1.5	79		-				-			16	14.19		100	16	16	15	13	-2.33	-2.4	-1.3	-1.3	-1.2	-1.1	-1.64	-1.732	-1.37	-1.25	11.4	-	23.4	-	-	-	-	-	42.7	4.44	3.90%	2.80%	25.3	25	29	2.28%	3.50%
Ireland	IRL	4,700,000	68,883	31.3	30	51.1	0.938	0.945	80.3	7.8	13.48	407.5	427.6	452.6	513.7	84556	87380	93350	106456	9.03	13.48	4.88	3.76	3.74	3.51	3.39				3	5,335	5484.2	5428.6	11.1	5		-	3.39		3.39	-	0	0.14	8.1	6.63		100	39	39	57	58	1.02	0.86	1.3	1.5	1.6	1.6	1.43	1.53	1.55	1.65	79	93	79	80.7	80.4	82	70	70	31.9	7.25	29.70%	42.40%	22.2	22	23	0.26%	0.30%
Israel	ISR	9,000,000	20,330	42.8	28.8	48.2	0.903	0.919	66.5	2.6	8.19	354.5	367.8	359.9	389.4	39906	40004	39489	43722	3.98	8.19	5.77	5.86	5.86	6.06	6.11				6	2,819	3329.2	3456.4	2.5	3		5.7	6.11		6.11	-	0.31	0.5	5.6	5.05	0.2	100	36	34	43	42	-0.88	-1.06	1.4	1.3	1.3	1.2	1.02	0.942	0.83	0.86	83.1	85	61.2	65.2	72.2	68	70	70	40.1	6.92	2.00%	6.30%	27.5	28	28	5.17%	5.30%
Italy	ITA	61,000,000	294,140	31.9	28.1	50.7	0.88	0.895	69.1	0.8	6.64	2,540.50	2,553.20	2,322.80	2,477.10	43036	44376	41988	45936	0.93	6.64	4.06	4.07	3.82	4.04	4.26				4	3,351	3000.7	2905.5	11.4	2		4.1	4.26		4.26	-	3.15	3.5	11.5	9.83	1	100	36	36	53	54	0.24	0.58	0.5	0.4	0.7	0.5	0.32	0.269	0.19	0.54	60.9	78.6	40.1	57.3	62.5	65.4	50	50	50.3	5.31	40.90%	44.20%	31	36	36	1.52%	1.40%
Jamaica	JAM	2,800,000	10,831	35	36.9	57.9	0.732	0.709	49.7	1.1	4.6	28.6	28.8	25.9	27.1	9967	10190	9241	10026	1.89	4.6	6.02	5.46	5.31	5.26	5.41	5.16	5.62	6.03	6.03	511	319.9	327.4	12.9	80		6	5.41	6.03	5.41	6.03	26.46	33.3	13.3	9.18		100	34	34	43	46	0.25	0.22	0.5	0.4	0.1	0.2	-0.16	-0.168	-0.17	-0.03	56.6	70.6	39.4	49	69.1	67.4	50	50	27.6	2.85	10.80%	11.90%	17.5	17	29	1.41%	1.60%
Japan	JPN	127,000,000	364,485	37.9	28.3	47.1	0.909	0.925	75.2	0.5	1.62	5,293.00	5,280.30	5,042.30	5,124.00	42116	42283	42100	42940	0.58	1.62	3.55		3.15	3.13	3.08				3	4,405	4256.1	4360.5	8.9	5		3.6	3.08		3.08	-			3.1	2.8		100	40	40	56	56	1.12	1.03	1.6	1.4	1.4	1.4	1.57	1.579	1.52	1.57	73.2	95.3	79.2	81.4	72.3	69.9	60	60	39.1	8.54	17.40%	25.80%	9.3	10	10	1.07%	0.90%
Jordan	JOR	10,000,000	88,802	39.7	-	43.9	0.735	0.72	48.7	2.5	2.21	99.8	101.7	100.2	102.4	10253	10496	10354	10952	1.93	2.21	3.8	3.45	3.45	3.23	2.98	2.99			2.99	568	335.2	334	1.8	46		-	2.98	2.99	2.98	-	19.02	20.08	13.2	19.25		99.9	12	11	25	22	-0.53	-0.28	0.1	0.2	0.1	0.2	0.26	0.213	0.26	0.05	57.3	42.6	51.9	49.5	64.9	60.1	60	60	32	2.44	1.00%	15.50%	15.4	15	12	5.02%	4.70%
Kazakhstan	KAZ	18,000,000	2,699,700	26.3	19.1	38.6	0.8	0.811	57.7	1.2	4	466.9	487.9	475.7	494.7	26155	27464	26750	28600	4.1	4	3.42	2.79	2.98	2.75	2.62	2.86			2.86	903	275.9	273	31.2	10		-	2.62	2.86	2.62	-	0.99	9.61	5.2	4.9	0	100	5	5	17	18	0.02	-0.25	0	0.1	0.2	0.1	-0.41	-0.487	-0.82	-0.24	58.1	34.5	44.6	37.9	69.1	64.4	50	50	22.2	11.46	9.30%	11.10%	27.1	27	27	0.87%	1.10%
Kenya	KEN	50,000,000	569,140	48.5	24.2	45.2	0.59	0.575	35.4	5.6	7.52	223	234.4	233.9	251.4	4443	4647	4587	5024	5.65	7.52	4.72	4.74	4.9	4.96	5.11	4.97	5.08	4.8	4.8	157	73.5	83.4	15.7	342		5.3	5.11	4.8	5.11	4.8			11	5.74		71.4	19	19	29	29	-1.08	-1.09	-0.3	-0.3	-0.2	-0.4	-0.41	-0.39	-0.96	-0.71	44	39	27.5	30.9	54.7	52.6	50	50	27.4	0.42	88.20%	88.50%	21.8	22	22	1.12%	1.20%
Korea (Dem. Peopleâ€™s Rep.)	PRK	25,000,000	120,408	-	-	-	-	-	-	1		0	0	0	0	2198	2192	2172			-	11.23	9.86	10.09	10.86	11.97	12.39			12.39	-			2.7	89		-				-			4.3	2.59		52.3	0	0	3	3	-0.48	-0.45	-1.7	-1.6	-2.3	-2.3	-1.71	-1.626	-1.48	-1.61	5	6.5	25.2	3.8	5.8	3	0	0	-	2.18	2.10%	7.60%	16.3	16	18	...	
Korea (Rep.)	KOR	51,000,000	96,920	35.7	24.8	39.8	0.903	0.925	-	2.6	4.02	2,164.80	2,213.40	2,194.50	2,282.80					2.91	4.02										-	2543.6	2624.5	7.6	11		5.1	4.46		4.46	-	0.92	0.01	3.7	3.53		100	33	33	51	50	0.29	0.66	1.1	1.4	1.1	1.1	1.16	1.127	0.48	0.76	63.7	77.1	49.9	69.2	73.8	74.6	70	60	32.3	11.8	73.80%	85.00%	17	17	19	2.78%	2.70%
Kosovo	-	1,900,000	10,887	23.2	-	-	-	-	-	3.3	9.13	19.3	20.2	19.2	20.9	43044	42998	45226	46918	3.41	9.13			4.33	4.33	4.46				4.46	-			45.7			-				-			-				24	25	28	31	-0.21	-0.12	-0.4	-0.2	-0.1	-0.3	-0.42	-0.275	-0.5	-0.32	59	31	45.4	37.5	66.6	60.1	30	30	27.1				-			0.94%	0.80%
Kuwait	KWT	4,200,000	17,818	-	-	33.3	0.803	0.831	65.7	0.9	-8.86	211.3	210.1	191.5	0	52291	52055	47303		2.43	-	4.4	4.77	5.85	6.37	6.39	6.49	6.55		7	2,978	1733.8	1758.7	13.7	12		-	6.39	6.55	6.39	6.55			2.4	3.71		100	13	14	23	23	-0.04	0.3	-0.2	0	-0.1	0.2	0.1	0.261	-0.33	-0.03	53.5	42	36.6	43.8	62.2	58.3	60	60	51.5	22.02		0.10%	3.1	3	2	6.69%	5.60%
Kyrgyzstan	KGZ	6,000,000	191,801	33.4	33.1	53.7	0.672	0.692	45.4	3.5	3.61	32.5	33.9	31.1	32.2	5256	5480	4985	5288	3.76	3.61	5.53	5.99	6.59	6.03	5.55	5.37			5.55	287	65.7	62.1	22	60		5.5	5.55	5.37	5.55	5.37	0.29	0.12	7.7	9.1	0.2	100	12	4	25	23	-0.43	-0.43	-0.7	-0.7	-0.4	-0.6	-0.93	-1.074	-1.05	-1.12	22.1	11.8	29.4	28.8	62.8	55.8	50	50	37.3	1.56	85.80%	92.40%	19.2	19	20	1.67%	1.50%
Laos	LAO	7,000,000	230,800	36.7	-	42.8	0.601	0.607	37.8	7	2.53	53.6	56.5	56.8	58.3	7774	8220	8238	8674	6.25	2.53	2.94			2.52	2.37	2.3	2.23		2.23	-	57.7	68.2	6	185		2.9	2.37	2.23	2.37	2.23	8.51	8.24	1.5	1.26	1.2	100	1	2	11	11	0.43	0.73	-0.4	-0.6	-0.7	-0.9	-0.88	-0.642	-0.94	-1.04	41.4	11.1	33.1	20.4	53.6	49.2	20	20	26.3	2.61	96.50%	64.40%	27.5	28	22	...	0.20%
Latvia	LVA	2,000,000	62,249	34.5	17.1	34.1	0.847	0.863	66.1	2.7	4.48	57.9	59.4	57.1	59.7	30877	31883	31425	34469	3.99	4.48	5.28	5.28	4.66	4.37	4.24				4	1,429	1101.5	1166.8		19		5.3	4.24		4.24	-	1.13	1.18	9.9	7.6	0.2	100	35	37	52	51	0.46	0.69	0.9	0.9	1.2	1.2	0.93	0.981	0.54	0.75	58.9	75.1	45.4	61.1	73.6	74.8	60	60	37	3.96	51.50%	66.60%	16	31	29	2.28%	2.00%
Lebanon	LBN	4,600,000	10,230	-	21.9	39	0.757	0.706	44.8	1	-10.52	106.7	99.4	73.6	65.9	15933	15105	11377	10691	-1.88	-10.52	2	2.1	2.12	2.13	2.52	2.59			3	1,117	695.1	663.1	58.1	29		-	2.52	2.59	2.52				6.8	14.49		100	11	13	32	29	-1.59	-1.49	-0.5	-1.3	-0.3	-0.9	-0.82	-1.074	-1	-1.23	33.6	27.4	20.2	22.8	53.2	47.3	50	50	26.9	4.08	2.80%	3.90%	3.1	5	5	...	4.20%
Lesotho	LSO	1,900,000	30,355	63.2	16.7	27.3	0.52	0.514	29.5	2.5	1.02	5.5	5.6	5.2	5.3	2677	2768	2569	2682	-1.22	1.02	7.2	9	7.76	8.16	7.29	7.99	7.67	8.7	8.7	251	124.7	124.2	7.7	544		-	7.29	8.7	7.29	8.7	6.82		27.4	24.6		47.4	27	27	37	36	-0.25	-0.22	-0.9	-0.9	-0.3	-0.7	-0.27	-0.41	-0.03	-0.32	52.7	44.1	32.9	42.8	53.9	48.1	40	40	50.4	0.36	100.00%	100.00%	22.9	22	23	1.29%	1.50%
Liberia	LBR	4,400,000	96,320	32	22.2	46	0.435	0.481	30.6	0	4	7.4	7.3	7	7.3	1581	1532	1468	1553	1.16	4	2.2	2.17	2.15	2.66	2.5	2.27	2.31	2.69	2.69	128	61.2	52.6	9.5	661		-	2.5	2.69	2.5	2.69			4	4.09		27.5	27	27	35	33	-0.41	-0.24	-1.4	-1.4	-1	-1	-0.97	-0.926	-0.69	-0.92	42.4	23.4	32	25.1	50.9	47.9	20	20	36.8	0.24		1.30%	12.3	12	11	0.95%	0.50%
Libya	LBY	6,000,000	1,759,540	-	-	42.7	0.706	0.718	-	-6.4	31.37	166.7	148	112.6	147.9	25557	22764	17286	23357	7.94	31.37										-			22	72		-				-			19.2	19.58		69.7	1	1	8	8	-2.33	-2.37	-1.8	-1.7	-2.2	-2	-1.78	-1.784	-1.59	-1.57	22.1	-	23.1	-	-	-	-	-	92.9	8.38		0.00%	16	16	16	...	15.50%
Lithuania	LTU	2,900,000	62,680	37.9	21	36.9	0.858	0.875	67.4	1.6	5	99.3	103.8	103.7	108.9	36376	38541	38881	42665	3.99	5	4.49	4.23	4	3.81	3.89				4	1,875	1249	1370	2.3	8		4.5			3.89	-	0.18	0.1	9.2	7.9	0.4	100	38	38	53	51	0.78	0.82	1	1.1	1.2	1.3	0.99	1.11	2.06	0.85	66.7	74.6	50.9	66.6	75.3	75.8	70	70	34.7	4.2	48.10%	71.30%	21.3	21	28	2.02%	2.00%
Luxembourg	LUX	600,000	2,586	30.4	13.2	31.7	0.904	0.93	83.2	4.5	6.89	69.9	72.2	71	75.8	116966	117342	117846	134754	2	6.89	3.86	3.77		3.49	3.65				4	6,382	6227.1	6220.7	3.4	5		4	3.89		3.65	-	1	0.62	5.9	5.23	0.1	100	38	38	60	59	1.34	1.21	1.7	1.7	1.7	1.9	1.74	1.787	1.99	1.87	77.9	96.4	79	89.5	76.4	80.6	80	80	41.4	15.31			28.3	20	35	0.63%	0.60%
Macedonia	MKD	2,100,000	25,433	33.7	23.4	43.9	-	-	52.5	3.7	3.96	33.5	34.8	32.7	34	16796	17546	16720	17918	2.88	3.96	2.05	3	3.1	2.71	2.73	3.06	6.3		6.3	857	399.1	436.9				-	3.65			-	3	3.53	26.7	16.2	1.2	100	21	28	37	39	-0.25	0.12	0.1	-0.1	0.5	0.4	-0.24	-0.076	-0.31	-0.35	57	50.2	47.4	38.7	71.3	65.7	60	60	31.5	4	32.70%	28.60%	34.2			1.54%	1.20%
Madagascar	MDG	26,000,000	581,540	41	-	44.2	0.519	0.501	31.1	3	4.4	41.8	43.7	40.5	42.3	1630	1687	1544	1635	3.2	4.4	2.38	2.21	2.69	2.7	2.84	2.99	3.1		3.1	77	22.3	19.8	5.5	335		-	2.84	3.1	2.84	3.1	1.96	2.32	2.1	2.59		33.7	24	27	32	34	-0.33	-0.64	-1.1	-1	-0.7	-0.8	-0.86	-0.867	-1.05	-0.93	21.4	33.4	17.8	23	56.8	58.9	50	50	15.4	0.15	59.70%	41.30%	19.2	19	18	0.77%	0.60%
Malawi	MWI	19,000,000	94,080	46.1	22.1	38.7	0.477	0.512	32.5	3	2.75	27.2	28.6	28.9	29.7	1532	1602	1591	1658	4.39	2.75	4.84	5.61	4.75	4.03	3.32	3.71	2.91		2.91	108	37.4	30.4	7.4	349		4.8	3.32	2.91	3.32	3.71			6.7	7.02	29.3	14.9	26	29	37	37	-0.27	-0.11	-0.7	-0.8	-0.8	-0.8	-0.37	-0.238	-0.65	-0.3	47.1	53	28.9	29.4	52	53	50	50	31.3	0.08	99.10%	88.80%	16.7	17	23	0.95%	0.90%
Malaysia	MYS	32,000,000	328,657	46.2	30.3	41.7	0.802	0.803	59.8	5	3.13	869.5	908.1	856.8	883.6	28236	29621	27921	29617	4.84	3.13	5.21	4.89	4.75	4.68	4.48	4.16	3.92		4	1,064	426.5	436.6	5.3	29		5.2	4.48	3.92	4.48	3.92	0.26	1.6	3.3	4.61		100	18	20	27	30	0.16	0.14	0.8	1	0.7	0.7	0.41	0.558	0.03	0.17	65.2	57.6	54.8	53.9	74.5	68.1	50	50	24.9	7.93	10.40%	17.90%	10.4	14	15	1.06%	1.00%
Maldives	MDV	400,000	298	38.4	-	-	0.717	0.747	-	1.9	30.96	9.7	10.4	6.9	9	19243	20334	13442	18232	8.12	30.96	3.09	3.89	3.69	3.89	3.91	4.12			4	1,514	786.4	854.4	17.8	53		3.5	3.91	4.12	3.91	4.12	3.42	2	3.2	6.08		100	14	19	21	21	0.26	0.5	-0.5	0.4	-0.4	-0.5	-0.62	-0.172	-0.79	-0.37	38.8	32.1	36.6	43.1	51.1	47.3	30	30	42.6	3.97		0.40%	5.9	6	5		
Mali	MLI	19,000,000	1,220,190	40.1	-	39.3	0.427	0.428	29.7	6.1	3.07	43.6	45.6	45.1	46.5	2338	2420	2348	2447	4.75	3.07	3.65	3.8	3.09	3.79	3.91	3.48	3.76		3.76	118	33.4	34.3	5.6	562		3.6	3.91	3.76	3.91	3.76	40.99		8.1	7.72	3	50.6	17	8	27	24	-1.91	-2.35	-0.9	-1.2	-0.6	-0.6	-0.78	-0.902	-0.63	-0.87	32.4	34.1	31.4	28.3	57.6	55.9	40	40	22.2	0.3	54.00%	31.50%	8.8	9	27	2.82%	2.70%
Malta	MLT	400,000	316	28.1	29	43.5	0.878	0.918	68.8	6.3	9.41	21.6	22.9	21	22.9	45569	47408	43243	47714	6.03	9.41	7	5.02	5.08	4.65						3,471	2753.5	2531.9	35	6		7.2							5.3	3.5	0.1	100	36	35	56	54	1.27	0.97	1	0.9	1.3	0.8	1.14	0.864	0.74	0.32	62.8	89.9	49.9	55.8	68.5	71.5	60	50	40.4	3.29	7.90%	11.50%	11.9	12	13	0.51%	0.60%
Mauritania	MRT	3,800,000	1,030,700	37	18	34.7	0.52	0.556	28.9	1.9	2.3	22.9	24.2	23.8	24.3	5317	5570	5390	5592	4.53	2.3			1.94			1.82	1.88		1.88	177	57.3	57.9	14.8	766		-	15.2	15.75	15.2	15.75	19.69	23.14	11.7	11.46		47.3	9	14	21	21	-0.62	-0.67	-0.7	-0.7	-0.8	-1.1	-0.6	-0.671	-0.75	-0.82	17.6	29.9	28.9	23.5	54	55.3	40	40	30.1	0.87			25.2	20	20	2.38%	2.80%
Mauritius	MUS	1,300,000	2,030	35.9	27.4	51.5	0.79	0.802	60.2	3.4	4.04	28.1	28.9	24.6	25.6	22739	23835	20529	22240	3.76	4.04	4.92	4.89	5.01	5.02	4.83	4.72	4.61		5	1,099	656.6	685.9	29	61		4.9		1.88		1.88	1.3	0.33	7.8	7.41		99.7	37	36	52	50	0.99	0.86	0.9	0.8	1	1.2	0.68	0.873	0.2	0.47	69.6	81.7	52.1	56.5	75.1	70.9	70	70	25.4	3.29	23.80%	24.60%	11.6	12	20	0.17%	0.20%
Mexico	MEX	129,000,000	1,943,945	48.2	40.7	54.3	0.774	0.758	49.1	2.5	4.80	2,514.80	2,510.10	2,305.10	2,415.70	20096	19863	18671	20036	2.19	4.8	5.26	5.23	4.91	4.52	4.25				4	1,009	521	540.4	25.5	33		5.3	4.83	4.61	4.25	-	0.7	0.79	4	4.38	1	99.4	26	27	36	33	-0.65	-0.64	0	-0.3	0.2	-0.2	-0.57	-0.8	-0.93	-1	39	40.7	26.9	32	64.8	63.7	60	60	27	3.52	16.00%	21.90%	42.6	48	50	0.68%	0.50%
Moldova	MDA	3,600,000	32,891	26.8	-	51	0.7	0.767	48.7	-1.1	13.94	33.5	34.7	32.2	36.6	12659	13576	12942	15637	4.3	13.94	6.27	5.81	5.61	5.62	5.44	6.1	6.39		6.39	515	276.5	284.3	36.3	19		7.5	5.44	6.39	5.44	6.39	0.65	0.79	5	3.96		100	26	27	35	35	-0.24	-0.21	-0.5	-0.4	0	0	-0.41	-0.332	-0.8	-0.45	26.3	30.7	26.6	34.7	58.4	61.3	50	50	38	3.32	5.60%	4.90%	22.8	23	40	0.41%	0.40%
Mongolia	MNG	3,000,000	1,553,556	34	14.3	24.5	0.741	0.739	50.6	2.3	1.42	38.1	40.3	38.4	39	12316	13013	12366	12863	7.74	1.42	4.71	4.22	5.18	4.07	6.17	4.94			4.94	470	159.4	163.4				4.7	6.17	4.94	6.17	4.94			6.7	7.08	0.1	98.1	36	36	49	48	0.82	0.65	-0.3	-0.5	-0.1	-0.2	-0.3	-0.225	-0.45	-0.53	30.9	57.1	34.8	37	55.7	63.9	60	50	37.8		3.30%	9.90%	17.1	17	17	0.66%	0.70%
Montenegro	MNE	600,000	13,452	31.9	25.1	41.3	0.814	0.832	-	4.1	12.43	12.9	13.4	11.3	12.8	21513	23073	19990	22795	5.08	12.43										957	731.5	735.2	13.2	45		-				-	0.72	0.62	17.5	18.49	1	100	25	26	42	41	0.01	-0.15	0.2	0	0.3	0.4	0.01	-0.059	-0.09	-0.02	51.3	43	38.1	46.4	64.3	57.8	50	50	46.3	7.15	50.90%	59.50%	23.5	23	25	1.74%	1.60%
Morocco	MAR	36,000,000	446,300	40.9	32.7	50.9	0.667	0.683	45.8	4.5	7.37	272.5	279.6	262	281.4	7625	7865	7369	8144	3.15	7.37		4.65		5.12	5.35	5.93	6.75		6.75	435	174.8	174.2	2.5	70		-	5.35	6.75	5.35	6.75	0.21	0.45	10	11.47		100	14	13	25	24	-0.41	-0.4	-0.2	-0.1	-0.2	-0.1	-0.17	-0.253	-0.13	-0.43	44.3	32.7	41.3	41	61.9	59.2	70	70	31.4	1.96	15.70%	18.20%	20.5	21	23	4.18%	3.10%
Mozambique	MOZ	30,000,000	786,380	45.6	23.7	44.2	0.437	0.446	26.7	6.3	2.22	38	38.9	38.4	39.3	1321	1336	1297	1342	3.44	2.22	6.88	6.01	5.87	5.51	5.45	6.08	6.26		6.26	64	40.7	39.5	49	289		-	5.45	6.26	5.45	6.26	6.07	0.87	24.4	3.98		30.6	20	14	32	29	-0.98	-1.23	-0.9	-0.8	-0.7	-0.8	-1.01	-1.035	-0.86	-0.81	36.3	44.1	28.2	26.3	46.3	51.3	50	50	36.2	0.25	87.00%	79.50%	39.6	40	42	1.51%	0.90%
Myanmar	MMR	53,000,000	676,575	-	24.7	40	0.578	0.585	37	7	-17.98	240	256.2	264.3	216.8	4575	4940	5123	4345	6.4	-17.98	1.9	2.1	1.9	2.33	2.16	2.14			2.16	267	59.2	60	19.1	250		-	2.16	2.14	2.16	2.14	1.95		0.8	2.17		70.4	13	0	18	9	-1.08	-2.07	-1.1	-1.4	-0.8	-1.1	-0.95	-1.456	-0.56	-1.03	17.6	16.7	28.2	29.8	53.9	49.6	20	20	22.6	0.68	60.10%	48.30%	10.2	10	15	3.33%	
Namibia	NAM	2,300,000	823,290	59.7	21.6	36.8	0.647	0.615	39.1	4.5	2.43	24.7	24.5	22.5	23.1	10328	10223	9359	9805	1.06	2.43	9.58	9.85	10.64	9.71	8.88	8.93	9.45	9.64	9.64	942	464.5	427.3		195		-	8.88	9.64	8.88	9.64	1.52	1.61	25.6	21.68		56.3	30	31	47	46	0.65	0.55	0.2	0.1	-0.2	0	0.24	0.362	0.32	0.26	54.2	67.6	45.4	53.9	58.5	59.2	40	40	40.7	1.69	97.90%	96.00%	41.3	46	44	3.00%	3.00%
Nepal	NPL	29,000,000	143,351	32.8	30.5	53.1	0.574	0.602	41.7	3.4	4.25	106	113.1	110.4	115.1	13960	14097	14337	15103	7.62	4.25	3.47	3.26	3.9	4.77	4.43	4.24	4.39		4.39	151	51.1	53.2	23.8	186		4	4.43	4.39	4.43	4.39		4.35	3.2	5.05		89.9	25	25	30	32	-0.66	-0.24	-0.9	-0.9	-0.7	-0.6	-0.68	-0.467	-0.75	-0.53	36.2	34.1	24.6	33.8	54.1	49.7	30	30	20.3	0.47	100.00%	100.00%	29.6	33	33	1.34%	1.60%
Netherlands	NLD	17,000,000	33,893	30.3	35.3	54.9	0.931	0.941	80.3	1.9	5.04	966	984.9	947.5	995.2	57827	59004	59267	63767	2.36	5.04	5.46	5.35	5.48	5.18	5.36				5	5,313	5337	5335.3	1.8	5		5.5	5.36		5.36	-			6.2	4.01		100	40	39	59	58	0.92	0.92	1.9	1.8	2.1	1.8	1.83	1.739	1.87	2.04	74.1	96.9	86	92.3	76.2	79.5	80	80	45	8.44	14.70%	29.10%	36	36	39	1.42%	1.30%
New Zealand	NZL	4,700,000	264,537	36.2	31.3	57.4	0.917	0.937	78.6	3.4	4.65	210	214.7	212	221.8	42521	45555	44658	46420	3.36	4.65	6.34	6.33	6.41	6.26	6.05				6	3,530	4037.5	4211	5.7	9		6.4	6.05		6.05	-	0.38	0.41	5.2	4.12		100	40	40	58	59	1.59	1.44	1.8	1.4	2.1	1.8	1.92	1.818	2.24	2.2	88.4	95.9	95.7	97.5	84.2	80.6	80	80	41	6.83	80.80%	81.00%	34.2	38	49	1.37%	1.50%
Nicaragua	NIC	6,000,000	119,990	47.1	38.7	55.2	0.658	0.667	43.5	4.5	10.34	37	35.6	35	38.6	5867	5676	5574	6332	-3.36	10.34	4.08	4.08	4.08	4.36	4.47	4.6	4.63		4.63	406	173.5	160.8	3.6	98		-	4.47	4.63	4.47	4.63			5.9	5.96		88.9	12	5	32	18	-0.05	-0.47	-0.6	-0.9	-0.7	-0.8	-0.64	-1.356	-0.87	-1.24	19	19.5	24.2	19	58.9	54.8	50	50	25.8	0.8	51.60%	60.00%	45.7	46	51	0.60%	0.70%
Niger	NER	21,000,000	1,266,700	34	16.8	41.4	0.354	0.4	-	4	1.35	26.9	28.5	29.6	30	1229	1276	1288	1310	7.21	1.35	5.1	4.49	2.96	2.58	3.46	3.53	3.84		3.84	68	30.3	31.4	72.2	509		6.7	3.46	3.84	3.46	3.84	41.3	41.03	2.6	0.75	15.6	19.3	20	23	29	28	-1.3	-1.62	-0.7	-0.6	-0.7	-0.7	-0.68	-0.405	-0.65	-0.55	32.6	35.9	30.4	32.5	49.5	54.9	40	40	30.1	0.09	0.80%	4.10%	17	17	26	1.84%	1.80%
Nigeria	NGA	191,000,000	910,768	48.8	22.2	34.1	0.532	0.535	26.5	2.7	3.65	1,009.70	1,032.00	1,013.50	1,050.50	5278	5352	5186	5459	1.92	3.65										215	66.5	71.5	13.8	917		-				-			5	9.79	9	55.4	25	20	25	23	-1.94	-1.78	-1	-1	-0.9	-0.9	-0.87	-0.856	-1.07	-1.07	39.6	33.8	14.4	22.7	58.5	54.4	40	40	11	0.57	19.00%	21.00%	5.6	6	4	0.97%	0.50%
Norway	NOR	5,000,000	304,282	26.8	36.8	50.9	0.953	0.961	85.3	1.6	3.92	341.8	344.3	341.9	355.3	69808	66799	62645	79201	1.12	3.92	7.7	7.57	8.03	7.91	7.64				8	6,222	8271.9	8007.4	23.6	2		7.7	7.64		7.64	-	0	0.01	4.8	4.99	0.2	100	40	40	60	60	1.15	1.1	2	1.8	1.8	1.6	2.02	1.95	2.24	2.14	86	97.3	93.6	96	74.3	76.9	60	60	48.6	6.72	98.50%	99.00%	39.6	41	45	1.84%	1.70%
Oman	OMN	4,000,000	309,500	-	21.1	-	0.821	0.816	62.1	4.1	-3.2	157.4	155.6	150.7	0	33373	32604	31118		1.29	-3.2				5.84	5.21	5.41			5	1,636	678	624.7	35.3	19		-	5.21	5.41	5.21	5.41	3.24	1.63	17.5	3.12		100	6	6	17	18	0.74	0.51	0.2	-0.1	0.4	0.3	0.43	0.406	0.25	0.09	57.4	27.1	51.5	53.3	61	56.6	60	60	50	15.28		0.00%	1.2	1	2	7.34%	8.80%
Pakistan	PAK	197,000,000	770,875	30.7	31.5	45.1	0.562	0.544	27.9	4.2	6.03	1,123.60	1,151.60	1,136.30	1,204.90	5421	5542	5426	5878	6.15	6.03	2.47	2.65	3	2.9		2.51			2.51	134	42.9	39.5	12.3	140		2.5		2.51		2.51			5.9	4.35	0.6	75.4	19	15	24	22	-2.4	-1.67	-0.6	-0.4	-0.6	-0.7	-0.72	-0.637	-0.78	-0.79	34	28.5	27.3	27.4	54.4	48.8	40	40	19.8	0.88	33.00%	33.80%	20.6	20	20	3.83%	4.00%
Panama	PAN	4,000,000	74,340	50.7	39.5	57.9	0.789	0.805	54.5	5.8	15.34	129.6	133.5	109.6	126.4	31781	32767	26780	31680	3.69	15.34		2.84	2.85	2.88	2.88	3.13	3.91		4	1,543	1131.7	1192.8	10	52		-	2.88	3.91	2.88	3.91		10.51	5.8	12.09	0.4	96.7	35	35	48	48	0.39	0.29	0	0.2	0.4	0.2	0.04	-0.247	-0.54	-0.57	29.4	50.7	38.8	38	67	65.4	70	70	23.1	3.14	66.50%	66.50%	18.3	18	23	...	0.00%
Papua New Guinea	PNG	8,000,000	452,860	50.9	-	-	0.544	0.558	-	9	1.5	36.1	37.7	36.4	36.9	4290	4474	4286	4445	-0.28	1.5				1.96	1.87				1.87	99	63.5	65.1	3.7	145		-	1.87		1.87	-			2.5	2.75		60.4	25	23	38	39	-0.58	-0.58	-0.7	-0.9	-0.7	-0.8	-0.82	-0.74	-0.9	-0.76	55.1	44.2	33.1	26.2	55.7	54.6	30	30	24.5	0.86	23.80%	20.80%	0	0	0	0.38%	0.40%
Paraguay	PRY	7,000,000	397,302	51.7	23.3	47.6	0.702	0.717	46.2	3	4.2	89.2	88.9	88.1	91.8	13134	13148	13035	13976	3.2	4.2	4.79	3.34		3.09	3.28	3.47	3.3		3.3	724	390	388.4	14.2	129		-	3.28	3.3	3.28	3.3			5.4	7.21	0.2	100	27	28	37	37	0.12	0	-0.8	-0.6	-0.2	-0.2	-0.65	-0.557	-0.72	-1.01	28.2	37.9	28.3	29.5	62.1	62.9	60	60	24.4	1.17	100.00%	100.00%	13.8	15	16	0.97%	1.00%
Peru	PER	32,000,000	1,279,996	45.3	34.6	55.9	0.75	0.762	49.3	3.3	13.35	408.9	418	372.2	421.9	13087	13401	11908	13895	3.97	13.35	3.7	3.97	3.81	3.93	3.71	3.82	4.25		4.25	671	365.9	370.1	20.9	88		3.7	3.71	4.25	3.71	4.25	1.42		4.9	4.83	1.8	99.3	31	30	42	42	-0.26	-0.41	-0.1	-0.3	0.4	0.1	-0.5	-0.516	-0.5	-0.63	33.5	49.7	36.6	39.7	68.7	66.5	60	60	21.9	1.75	54.00%	61.60%	27.7	28	40	1.12%	1.20%
Philippines	PHL	105,000,000	298,170	44.4	35	57.1	0.699	0.699	44.5	5.8	5.7	908.3	963.8	872.1	921.8	8720	9291	8394	9120	6.34	5.7	2.79	3.33	3.57	4.4	3.13	3.23	3.88		3.88	323	128.6	142.1	15.7	121		-	3.13	3.88	3.13	3.88	3.8	3.56	5.9	2.41	0.5	96.8	27	25	35	30	-1.24	-0.93	-0.1	0.1	0	0.1	-0.41	-0.642	-0.48	-0.51	38.2	25.6	34.4	34.7	65	61.1	60	60	18.9	1.35	26.50%	21.80%	29.5	29	28	1.04%	1.00%
Poland	POL	38,000,000	304,255	30.8	27.5	45	0.865	0.876	67.7	3.6	5.73	1,202.80	1,259.90	1,227.90	1,298.30	31953	33798	34287	37503	5.35	5.73	4.94	4.81	4.63	4.56	4.62				5	1,704	978.7	1014	52.4	2		4.9	4.62		4.62	-	2.16	1.14	6.2	3.37	0.1	100	36	34	49	47	0.52	0.51	0.6	0.3	0.9	0.8	0.47	0.445	0.73	0.57	56.6	54.7	50.9	60.6	68.5	68.7	70	70	41.7	7.77	14.60%	20.40%	28	28	28	2.12%	2.00%
Portugal	PRT	10,000,000	91,470	33.9	24.8	46.3	0.847	0.866	70.8	1.5	4.88	350.1	359.5	329.1	345.2	34929	36172	34177	35888	2.85	4.88	5.12	4.89		5.02	4.68				5	2,661	2216.3	2221.4	16.2	8		5.1	4.68		4.68	-	0.42	0.36	11.2	6.65	0.2	100	39	39	58	56	1.08	0.95	1.3	1	0.9	0.7	1.13	1.133	0.87	0.77	70.1	92.1	56.8	67.8	63.4	70.8	60	60	48.4	4.34	49.80%	61.60%	34.8	35	40	2.07%	1.90%
Qatar	QAT	2,600,000	11,586	-	-	24.3	0.856	0.855	70.8	3.3	1.52	253	255	245.7	249.5	93143	93844	89961	93521	1.23	1.52	3.61			2.97		2.8	3.23		3	3,900	1730.2	1807.2	5.6	9		3.6		3.23		3.23	1.34	1.92	0.2	0.26		100	7	7	17	18	0.55	0.96	0.7	1.1	0.4	0.9	0.72	0.928	0.73	0.81	59.8	38.8	71.6	60	72.6	67.7	60	60	36.4	32.47		0.00%	0	10	4	4.81%	1.50%
Romania	ROU	20,000,000	229,891	27.3	28.8	46.2	0.811	0.821	60	3.7	5.88	555.5	578.7	557	589.8	29342	31867	32202	35414	4.47	5.88	3.12	3.11	2.98	3.1	3.34				3	1,090	687.2	738.6	4.4	19		3.1	3.34		3.34	-	12.5	12.68	6.4	5.17	0.8	100	35	35	49	48	0.06	0.53	-0.2	-0.1	0.5	0.3	0.39	0.408	-0.03	-0.04	59.7	64.8	40	45.4	69.4	67.1	50	50	33.2	3.82	41.30%	47.70%	20.7	21	19	1.95%	2.00%
Russia	RUS	144,000,000	16,377,742	41.2	18.7	34.9	0.816	0.822	57	-3.7	4.82	3,914.00	4,000.00	3,892.70	4,080.30	28821	30068	29916	32803	2.81	4.82	4.01	3.83	3.76	4.69	4.68				5	1,414	609	653.4	30.3	17		-	4.68		4.68	-	0.16	0.07	5.7	5.01	0	100	5	5	15	14	-0.67	-0.65	-0.1	-0.2	-0.5	-0.5	-0.79	-0.87	-0.89	-0.9	46.9	34.7	38.1	29.7	58.2	56.1	30	30	35.3	11.8	16.90%	19.70%	15.8	16	16	4.08%	3.90%
Rwanda	RWA	12,000,000	24,668	50.4	19.6	39.2	0.524	0.534	38	6.9	10.88	25.7	28.1	27.2	30.1	2139	2322	2214	2494	8.58	10.88	4.2	3.65	3.44	3.13	3.07	3.24	3.33	3.82	3.82	143	52.3	51.4	31.8	248		-	3.07	3.82	3.07	3.82	4.32	6.34	2.5	1.61		100	8	8	15	14	0.04	0.17	0.3	0.3	0.2	0.1	0.13	0.201	0.63	0.6	79.6	26.6	61.2	54.7	69.1	57.1	40	40	27.2	0.11	50.00%	48.00%	61.3	61	61	1.55%	1.20%
Saudi Arabia	SAU	33,000,000	2,149,690	45.9	-	41.6	0.853	0.875	62.6	3.4	3.24	1,605.30	1,610.60	1,544.00	1,594.00	48768	48984	46778	49551	2.51	3.24			8.51	8.02	7.09	6.79	7.81		8	3,121	1341.5	1316.3	39.9	17		-	7.09	7.81	7.09	7.81		5.18	5.5	7.36		100	0	1	7	6	-0.62	-0.58	0.3	0.5	0	0.3	0.1	0.23	0.36	0.31	60.2	35.8	49.9	50.7	59.6	55.5	50	50	40	15.28	0.00%	0.10%	19.9	20	20	6.59%	8.00%
Senegal	SEN	16,000,000	192,530	40.3	21.9	51.2	0.505	0.511	38.4	6.5	6.06	52.5	54.9	55.6	59	3389	3510	3504	3769	6.21	6.06	5.72	5.46	5.11	4.62	4.86	5.35	5.5		5.5	97	61.8	59.1	1.8	315		7.4	4.86	5.5	4.86	5.5		24.64	9.5	3.72	1.8	70.4	31	29	44	39	-0.04	-0.17	-0.3	0.1	-0.2	-0.3	-0.15	-0.364	-0.09	0.06	40.4	49.8	42.6	47.8	55.7	60	40	40	30.2	0.65	11.10%	14.30%	41.8	42	43	1.76%	1.50%
Serbia	SRB	7,000,000	77,474	38.7	29	53.2	0.787	0.802	54.9	0.7	7.39	121.9	127.1	125.9	135.3	17718	18822	19094	21432	4.5	7.39	3.93	3.79	3.63	3.71	3.58	3.62			4	1,324	617.1	641	50.3	12		4.2	3.58	3.62	3.58	3.62	1.43	2.89	16.5	11.81	1.2	100	28	21	45	41	0.1	-0.13	0.2	0	0	0.1	-0.19	-0.092	-0.37	-0.44	48.2	50.4	36.5	37.9	62.5	65.2	50	50	44.5	6.62	28.30%	31.10%	34.4	34	39	2.09%	2.20%
Sierra Leone	SLE	8,000,000	71,620	34	15.3	29	0.419	0.477	32.9	-21.5	3.05	12.7	13.3	13.1	13.5	1694	1777	1727	1816	3.46	3.05	2.66	3.06	3.06	4.66	6.99	7.45	8.81		8.81	256	44.3	46.2	11.1	1120		2.7	6.99	8.81	6.99	8.81			3	5.33	6	26.2	28	28	38	37	0.03	-0.16	-1.2	-1.1	-0.9	-1	-0.79	-0.818652034	-0.59	-0.43	29.6	41.9	22	32.4	51.8	52	20	20	18.4	0.12	62.90%	91.40%	12.4	12	12	0.61%	0.70%
Singapore	SGP	6,000,000	709	45.9	-	45.5	0.932	0.939	81.8	2	7.61	554.5	560.6	537.3	578.3	100686	102431	99681	116486	3.66	7.61	2.92	2.86	2.87	2.77	2.86	2.74	2.51		3	3,681	2667.7	2632.7	16.6	8		-	2.86	2.51	2.86	2.51	0.2	0.1	1.8	3.62		100	19	19	33	28	1.59	1.49	2.2	2.3	2.1	2.2	1.82	1.858	2.13	2.17	90.9	58.3	91.2	92.8	88.8	84.4	80	80	17.7	8.31	3.30%	3.50%	23	23	30	2.98%	3.20%
Slovakia	SVK	5,000,000	48,105	23.7	28.2	46.6	0.855	0.848	67.4	3.6	3.02	169.7	174.1	166.5	171.6	31215	31967	31356	33010	3.79	3.02	4.23	4.59	3.91	3.94	3.97				4	2,062	1299.9	1342.1	1.8	5		4.2	3.97		3.97	-	4.43	3.29	10	6.74	0.1	100	36	37	53	53	0.88	0.56	0.8	0.5	0.8	0.9	0.57	0.706	0.22	0.24	38.8	71.9	38.2	53.7	65.3	69.7	70	70	43.1	5.7	23.70%	25.00%	20	20	23	1.71%	1.80%
Slovenia	SVN	2,100,000	20,151	24.4	24.6	47.9	0.896	0.918	72.6	2.9	8.11	78.8	81.3	77.9	84.2	38962	40671	39725	43625	4.42	8.11	5.29	4.91	4.79	4.78	4.94				5	2,734	2169.6	2219.1	2.1	7		5.3	4.94		4.94	-	0.23	0.11	8.7	4.42	0	100	39	38	54	52	0.89	0.76	1.2	1.2	0.6	0.8	1.02	1.03	0.81	0.72	57.7	91.6	52.1	66.7	64.8	70.5	50	50	47.9	6.51	30.50%	36.20%	36.7	24	27	1.22%	1.10%
Solomon Islands	SLB	600,000	27,986	-	-	-	0.546	0.564	-	3.3	-0.18	833.9	850.9	801.9	832.1	2762	2773	2618	2656	3.94	-0.18	9.81	10.13	12	12.11	10.81	11.13	12.75		12.75	173	96.4	111.9	80.1	104		-	10.81	12.75	10.81	12.75	4.38	6.65	31.4	1.03		73.3	28	30	44	49	0.21	0.49	-1	-0.9	-0.8	-0.9	-0.21	-0.352	0.11	-0.14	57.3	59.5	36.8	42.3	57.5	56.5	30	30	46.3	0.54		5.30%	2	2	8		
Somalia	SOM	15,000,000	627,337	-	-	-	-	-	-	3.7	3.33	1.8	1.8	1.7	1.7	1157	1237	1246	1302	7.68	3.33										-			4.9	829		-				-			6.6	19.86		49.7	1	1	6	6	-2.33	-2.68	-2.2	-2.1	-2.3	-1.8	-2.31	-2.273	-1.72	-1.78	25.4	-	17.8	-	-	-	-	-	-	0.04	1.40%	5.00%	24.4	24	24	...	
South Africa	ZAF	57,000,000	1,214,470	62.5	15.9	36.2	0.699	0.713	38.5	1.3	4.91	17	18.3	18.8	19.4	14207	14289	13359	14420	1.49	4.91	5.49	5.48	5.44	5.6	5.64	5.92	6.19		6	1,086	564.5	546.7	41.7	119		6	5.64	6.19	5.64	6.19	11.01	10.79	25.9	33.56		84.4	32	33	46	46	-0.27	-0.71	0.3	0	0.2	-0.1	-0.01	0.131	-0.01	0.02	65.9	61.3	45.4	48.4	63	56.2	50	50	32.6	7.51	2.40%	7.00%	42	43	47		1.00%
South Sudan	SSD	13,000,000	644,329	46	-	-	0.388	0.385	-	-		801.9	802.8	751.2	788.1						-	1.23	1.47	1.54							71	26.7	22.6	50.3	1150		1.7							-	13.91		7.2	-2	-3	4	4	-2.46	-2.3	-2.5	-2.4	-1.9	-2	-1.94	-2.045	-1.71	-1.82	-	-	-	-	-	-	-	-	-	0.15	0.60%	0.70%	28.5	28	32	2.37%	3.40%
Spain	ESP	47,000,000	498,980	35.9	36	52.3	0.891	0.905	71.8	3.2	5.13	1,883.90	1,923.20	1,715.10	1,803.00	40696	41695	37756	40775	2.29	5.13	4.3	4.29	4.23	4.21	4.18					3,183	2740.3	2711.2	1.7	4		4.3	4.18		4.18	-	3.08	2.8	19.4	14.73	0.6	100	38	37	56	53	0.27	0.58	1	0.9	0.9	0.8	1.01	0.876	0.49	0.74	62	74.3	51.5	67.2	65.1	68.2	70	70	43.7	5.09	36.20%	46.00%	39.1	39	43	1.37%	1.20%
Sri Lanka	LKA	21,000,000	64,630	39.2	33.8	46.8	0.77	0.782	49.3	5.2	3.66	278.7	285.2	274.9	284.9	13168	13632	13227	14127	3.27	3.66	1.93	2.23			2.14	1.93			1.93	353	162.1	160.7	33.9	36		1.9	2.14	1.93	2.14	1.93	0.54		5	5.39		100	24	23	31	32	-0.06	-0.32	-0.2	-0.1	-0.1	-0.4	0.06	0.038	-0.45	-0.33	52	57.7	30.7	40.1	57.8	53.3	40	40	18.9	1.09	49.80%	33.20%	5.8	6	5	1.88%	1.90%
Sudan	SDN	41,000,000	1,861,484	-	-	39.6	0.502	0.508	26.5	3.5	0.11	182.7	178.7	172.2	172.4	4474	4350	4142	4217	-2.68	0.11										277	59.5	46.9	28.9	295		-				-	32.87		13.3	19.81		55.4	4	0	4	10	-2.01	-1.94	-1.4	-1.6	-0.6	-1.5	-1.11	-1.21	-1.54	-1.29	21.4	13.2	21.2	14.6	49.4	32	20	20	12.5	0.48	65.70%	55.20%	30.5	31		1.02%	1.60%
Suriname	SUR	600,000	156,000	-	25.4	-	0.72	0.73	52.7	0.1	-3.48	10.9	11.1	9.3	9	19460	19840	16733	16676	4.95	-3.48		5.53	5.64	5.46	4.92	6.83	5.01		5	1,017	475	619.2	4.7	120		-	4.92	5.01	4.92	5.01	13.83	11.77	10	10.06		98.2	34	34	44	45	0.14	0.37	-0.6	-0.6	-0.5	-0.7	-0.15	-0.103	-0.17	-0.4	21.4	45.8	39.9	37.6	48.1	48.1	30	30	28.1	4.56	61.30%	58.20%	25.5	25	29		
Sweden	SWE	10,000,000	410,335	24.9	28	50.5	0.933	0.947	81.9	4.1	4.8	532.7	543.2	527.3	552.6	53522	54599	55065	59324	1.95	4.8	7.57	7.44	7.62	7.57	7.64				8	5,299	6005.1	5671.4	37.4	4		7.7	7.64		7.64	-	0.13	0.12	7.1	8.66	0.2	100	40	40	60	60	0.98	1.03	1.8	1.7	1.8	1.8	1.94	1.734	2.14	2.13	88.2	97.1	92.9	95.7	76.3	77.9	80	80	50.6	3.41	64.70%	70.10%	43.6	46	47	1.28%	1.10%
Switzerland	CHE	8,000,000	39,997	29.5	34.3	60.1	0.944	0.962	83.8	0.9	3.69	601.1	608.4	593.8	615.7	71660	72034	71745	77324	2.92	3.69	4.88	4.94	4.93	4.95	4.86				5	7,583	9870.7	9666.3		5		5.1	4.86		4.86	-	0.08	0.08	4.6	5.32		100	39	39	57	57	1.21	1.13	2.1	2	1.9	1.7	1.93	1.808	1.99	1.99	82.1	98	82.8	92.3	81.7	84.2	90	90	34	4.36	65.40%	67.40%	32.5	33	43	0.71%	0.70%
Syria	SYR	18,000,000	183,630	-	19.1	-	0.536	0.577	-	-4.8		0	0	0	0					1.48	-										-				31		-				-			14.3	10.57		89.1	-3	-3	2	4	-2.63	-2.66	-1.8	-1.7	-1.8	-1.6	-2.09	-2.07	-1.56	-1.78	22.1	-	23.1	-	-	-	-	-	-	1.51	2.40%	7.50%	13.2	13	11	...	4.10%
Taiwan	TWN	24,000,000	32,260	33.6	-	43.2	-	-	-	0.7		0	0	0	0																-						-							4	-			37	38	56	56	0.89	0.78	1.27	1.470059156	1.37	1.47355628	1.14	1.296	0.96	1.21	69.2	94.2	70.9	73.8	76.6	80.1	60	60	17.8		4.40%	6.60%	-	19	24	1.74%	1.70%
Tajikistan	TJK	9,000,000	141,510	32.6	34.2	55.2	0.65	0.685	41.3	3	9.2	31.1	33.4	34.9	38.1	3497	3733	3854	4288	7.6	9.2		4.97	5.76	5.84	5.56	5.71			5.71	193	59.8	61.9	36.1	17		-	5.56	5.71	5.56	5.71			10.8	7.75		99.8	1	0	10	8	-0.67	-0.61	-1.1	-0.6	-1.1	-1.1	-1.35	-1.185	-1.33	-1.34	50.3	9.1	38.2	17.8	58.3	49.7	30	30	30.9	1.01	98.50%	93.10%	19	37	37	1.01%	1.20%
Tanzania	TZA	57,000,000	885,800	37.6	22.1	37	0.538	0.549	36	7	4.28	141.6	149.8	152.8	159.3	2652	2773	2780	2933	5.44	4.28	3.38	4.19	4.1	4.43	3.7	3.6	3.23	3.3	3.3	96	42	40.3	31.9	524		3.5	3.7	3.3	3.7	3.3	17.65	16.08	2.6	2.65	13.6	39.9	22	12	30	22	-0.58	-0.44	-0.6	-0.6	-0.6	-0.6	-0.45	-0.523	-0.48	-0.36	34.7	27	31.8	36.9	59.9	59.5	50	50	18.5	0.21	35.30%	33.50%	36.4			1.07%	1.30%
Thailand	THA	69,000,000	510,890	44.5	37.3	52.9	0.755	0.8	52.4	2.8	1.57	1,256.80	1,283.80	1,204.30	1,223.10	18534	19217	18198	19209	4.22	1.57	3.72	3.76	3.64	3.36	3.06	2.97			2.97	610	278.6	296.2	28.4	37		-	3.06	2.97	3.06	2.97			0.6	1.42	0	100	6	5	25	24	-0.76	-0.55	0.4	0.3	0.1	0.1	0.04	0.115	-0.39	-0.46	45.3	36.2	34.7	38.5	67.1	63.2	60	60	22	3.84	9.00%	16.70%	4.8	5	16	1.32%	1.30%
Timor-Leste	TLS	1,200,000	14,874	31.9	-	-	0.625	0.607	-	4.3	4.4	3.9	4.7	5.2	5.4	3168	3780	4141	4418	-0.69	4.4	7.52	8.45	8.08	7.03	6.73					141	93.6	92.7	19.2	142		-	6.73		6.73	-	4.19	4.9	4	5.07		96.1	32	33	37	39	0.03	0.17	-1	-0.8	-0.7	-0.8	-1.17	-0.998	-0.54	-0.05	13.8	35.3	32	38.2	48.1	46.3	20	20	48	0.48		0.00%	32.3	34	38	1.14%	1.00%
Togo	TGO	8,000,000	54,385	46	13.2	37.3	0.503	0.539	34.9	5.3	5.26	16.3	17.1	17.5	18.4	2111	2211	2223	2380	4.98	5.26	4.78	5.11	3.69	3.76	4.04	4.07	3.99		3.99	96	54.9	51.2	7.4	396		4.9	4.04	3.99	4.04	3.99	5.31	1.22	6.8	4	8.5	54	18	15	29	27	-0.74	-0.8	-1.1	-0.6	-0.8	-0.6	-0.71	-0.559	-0.71	-0.67	28.2	35.1	31.4	28.8	47.8	57.2	30	30	29.8	0.29	76.10%	17.10%	17.6	18	19	1.78%	3.10%
Trinidad and Tobago	TTO	1,400,000	5,128	-	15.7	31.6	0.784	0.81	58.7	-1.8	-0.99	37.5	37.4	34.7	34.3	27617	27960	26125	26868	-0.71	-0.99	5.33	3.39	3.95	3.58	3.3	3.7	4.1		4	2,204	1143.2	1167.9	14.3	67		-	3.3	4.1	3.3	4.1			3.9	4.8		100	33	33	48	49	0.29	0.15	0.3	0.2	0	-0.1	-0.11	-0.136	-0.36	-0.28	49.8	59.3	33.1	44.2	57.7	58.8	50	50	39	12.32		0.10%	31	31	26	0.89%	0.70%
Tunisia	TUN	12,000,000	155,360	40	26.2	43.9	0.735	0.731	49.3	0.8	3.34	131.8	133.6	121.9	126	11670	11903	10879	11595	2.62	3.34	6.88	6.22	7.32							774	236.7	233.1	8.1	43		-				-			14.8	16.82		100	30	26	40	38	-1.05	-0.7	-0.1	-0.2	-0.4	-0.4	0.07	0.096	-0.11	-0.23	41.7	49.5	36.8	47.3	58.9	54.2	30	30	28.6	2.56	3.00%	3.90%	31.3	31	26	2.83%	2.60%
Turkiye	TUR	81,000,000	769,632	40.2	26.4	41.3	0.791	0.838	53.3	3.8	10.99	2,331.70	2,352.50	2,394.70	2,657.80	27961	26867	27235	30472	2.98	10.99					4.29					996	389.9	396.5	18.7	17		4.4	4.29		4.29	-	4.96	4.78	10.3	13.39	0	100	16	16	16	16	-1.8	-1.1	0.1	-0.1	0	-0.1	-0.25	-0.416	-0.19	-0.39	54.5	25.6	42	39.4	65.4	56.9	60	60	32.6	4.76	32.90%	43.80%	14.6	17	17	2.06%	2.70%
Turkmenistan	TKM	6,000,000	469,930	40.8	14.6	33	0.706	0.745	-	6.5		86.9	92.3	0	0	15200	16194			6.2	6.3						3.12			3	1,004	460.3	500	13.9	7		-		3.12		3.12			8.6	5.08		100	0	0	4	2	-0.15	-0.32	-1.2	-0.9	-2	-2	-1.49	-1.442	-1.48	-1.42	5	8.3	27.3	7.4	47.1	46.2	10	10	16.1	12.26	0.00%	0.00%	25.8	25	25	...	
Uganda	UGA	43,000,000	197,100	39.5	19.4	44.8	0.516	0.525	30.9	5	3.38	90.8	96.6	99.5	102.9	2176	2275	2294	2398	6.3	3.38	1.91	2.32	2.14	2.25	2.13	1.53	2.59	2.67	2.67	139	32.1	32.4	6.9			2.3	2.13	2.67	2.13	2.67			2.3	2.94	13.7	42.1	11	11	26	23	-0.56	-0.86	-0.6	-0.6	-0.2	-0.5	-0.3	-0.352	-1.04	-1	40.3	29.2	28.3	24	62	54.2	40	40	17.4	0.13	80.80%	98.90%	34.3	34	34	2.42%	2.10%
Ukraine	UKR	45,000,000	579,330	25.5	26.4	40.9	0.751	0.773	52.5	-9.9	3.4	521.5	538.2	518	535.6	12632	13345	13087	14220	3.49	3.4	5.87	5.74	5.01	5.42	5.32	5.44			5.44	469	222.5	248.1	9.1	19		5.9	5.32	5.44	5.32	5.44			8.9	8.88	0	100	26	26	36	35	-1.89	-1.1	-0.5	-0.4	-0.3	-0.3	-0.71	-0.66	-0.78	-0.77	29.5	31.4	29	33.8	51.9	54.1	30	30	42.8	3.94	4.60%	6.50%	12.3	12	21	3.23%	3.40%
United Arab Emirates	ARE	9,000,000	83,600	-	-	34.3	0.863	0.911	70.4	3.9	-6.13	645	667	626.1	0	68568	71145	66766		1.19	-6.13						3.87	3.88		4	2,426	1817.3	1842.7	7.6	3		-		3.88		3.88		0.24	3.7	3.36	0	100	5	5	12	12	0.63	0.65	1.4	1.4	1	1	0.8	0.83	1.13	1.18	83.4	35.4	77.3	71.8	77.6	70.2	60	60	31.2	19.33	0.20%	2.70%	22.5	23	50	...	5.60%
United Kingdom	GBR	66,000,000	241,930	32.4	31.9	56	0.922	0.929	74.6	2.2	7.44	3,113.90	3,165.90	2,872.40	3,086.20	47573	49041	46527	49675	1.65	7.44	5.56	5.51	5.38	5.38	5.17					4,145	4270.2	4312.9	8.2	7		5.7	5.17		5.17	-	0.66	1.13	4.8	4.53		100	40	39	54	54	0.26	0.54	1.4	1.3	1.7	1.5	1.68	1.427	1.84	1.67	93.8	85.9	79	87.1	78	72.7	80	80	43	5.22	27.40%	47.10%	32	32	34	2.22%	1.70%
United States	USA	326,000,000	9,147,593	45	20.7	37.4	0.924	0.921	76	2.4	5.67	20,048.20	20,507.10	19,808.90	20,932.30	62805	65095	63028	69288	2.92	5.67		4.95	4.8	5.11	4.91					9,536	10515.3	10921	12.5	19		5	4.91		4.91	-	0.57	0.92	4.9	5.46	0.8	100	33	32	53	51	0.3	0	1.6	1.3	1.6	1.5	1.64	1.417	1.38	1.05	76.9	77.9	71.9	75.7	75.7	72.1	80	80	38.1	14.67	14.00%	20.90%	19.4	24	28	3.48%	3.40%
Uruguay	URY	3,500,000	175,015	41.6	36.1	57.5	0.804	0.809	64.2	1.5	4.37	79.5	79.7	74.9	78.1	23585	24005	22728	24625	0.48	4.37	4.58	4.55	4.38	4.47	4.66	4.7			5	1,748	1686.1	1661	5.4	17		-	4.66	4.7	4.66	4.7	0.15	0.56	8.2	10.45	0.1	100	40	40	58	57	1.06	1.05	0.4	0.8	0.7	0.7	0.59	0.732	1.29	1.62	67	80.4	71.6	75.2	69.2	70	30	30	32.4	1.87	89.10%	98.30%	20.2	20	24	2.26%	2.00%
Uzbekistan	UZB	32,000,000	425,400	36.8	29.1	54.1	0.71	0.727	43.1	8	7.42	233.4	246.8	251.4	270.1	7252	7658	7746	8497	5.35	7.42	5.71	5.49	5.38	5.03	5.9	7	4.92		4.92	383	82.3	98.6	12.9	29		-	5.9	4.92	5.9	4.92	0.73	0.94	8.9	7.16		100	1	2	6	9	-0.28	-0.24	-0.6	-0.2	-1.3	-0.6	-1.11	-0.886	-1.16	-0.81	35.3	13.1	24.2	23.8	51.5	55.7	10	40	33.9	3.48	21.50%	10.80%	16	16	33	...	3.60%
Venezuela	VEN	32,000,000	882,050	39	33.6	48.9	0.761	0.691	43.1	-5.7		0	0	0	0						-		1.93	1.19	1.34						579	464	338.8		125		-				-			6.9	6.41		100	8	1	18	13	-1.18	-1.53	-1.4	-1.9	-2	-2.2	-2.26	-2.296	-1.36	-1.61	13.8	4.6	7.5	7.1	25.2	24.8	10	10	37.7	3.94	64.90%	68.40%	22.2	22	22		0.50%
Vietnam	VNM	96,000,000	310,070	34.8	40.3	48.4	0.694	0.703	50.8	6.7	2.59	912.3	977.60	1,006.30	1,032.40	9777	10562	10904	11553	7.2	2.59		4.47	4.34	4.09	4.17	4.06			4.06	334	163.2	180.7	21.1	43		-	4.17	4.06	4.17	4.06			2.2	2.17	0.2	100	3	3	17	16	0.31	-0.11	0	0.3	-0.4	-0.4	0.07	-0.146	-0.58	-0.29	36.3	33.8	30.4	33.6	53.1	60.6	40	50	29.4	3.49	37.90%	28.20%	26.7	27	30	...	2.00%
Yemen	YEM	28,000,000	527,968	37.9	22.8	44.6	0.452	0.455	23.9	-28.1	-2.06	0	0	0	0					0.75	-2.06										144			25.8	164		-				-			17.1	13.57		73.8	1	1	12	8	-2.96	-2.59	-1.9	-2.3	-1.5	-2	-1.75	-1.799	-1.59	-1.65	16.6	-	21.2	-	-	-	-	-	25.2	0.38		14.60%	0	0	0	...	4.00%
Zambia	ZMB	17,000,000	743,398	57.5	25.2	34.4	0.588	0.565	33.2	3.6	3.57	61.1	62	60.3	62.4	3606	3617	3457	3624	4.03	3.57	5.2	4.62	3.75	3.73	4.74	4.47	3.7		3.7	203	76.3	69.3	37.9	213		-	4.74	3.7	4.74	3.7			7.5	13.03		44.5	22	21	33	30	0.11	0.06	-0.6	-0.8	-0.5	-0.6	-0.33	-0.593	-0.54	-0.75	40.6	45.2	36.3	30.8	54.3	48.7	50	50	25.7	0.38	97.10%	87.00%	18	18	15	1.30%	1.20%
Zimbabwe	ZWE	17,000,000	386,847	43.2	22.1	28.6	0.535	0.593	29.7	1.5	5.85	36.1	33.8	31.7	33.6	2557	2408	2251	2444	4.82	5.85	6.14	5.81	5.47	5.82	3.87				3.87	182	141.4	103		458		7.5	3.87		3.87	-	15.3	13.64	5.1	5.17	13.5	52.7	10	11	20	17	-0.77	-1.03	-1.2	-1.2	-1.6	-1.4	-1.38	-1.261	-1.27	-1.26	33	16.3	18.9	20.6	44	33.1	10	10	30.6	0.8	54.00%	66.00%	32.6	31	32	0.01%	0.70%